,filename,path,genre
0,blues.00000.wav,C:\Users\SvenG\Documents\ANN_Final_03\data\genres\blues,blues
1,blues.00001.wav,C:\Users\SvenG\Documents\ANN_Final_03\data\genres\blues,blues
2,blues.00002.wav,C:\Users\SvenG\Documents\ANN_Final_03\data\genres\blues,blues
3,blues.00003.wav,C:\Users\SvenG\Documents\ANN_Final_03\data\genres\blues,blues
4,blues.00004.wav,C:\Users\SvenG\Documents\ANN_Final_03\data\genres\blues,blues
5,blues.00005.wav,C:\Users\SvenG\Documents\ANN_Final_03\data\genres\blues,blues
6,blues.00006.wav,C:\Users\SvenG\Documents\ANN_Final_03\data\genres\blues,blues
7,blues.00007.wav,C:\Users\SvenG\Documents\ANN_Final_03\data\genres\blues,blues
8,blues.00008.wav,C:\Users\SvenG\Documents\ANN_Final_03\data\genres\blues,blues
9,blues.00009.wav,C:\Users\SvenG\Documents\ANN_Final_03\data\genres\blues,blues
10,blues.00010.wav,C:\Users\SvenG\Documents\ANN_Final_03\data\genres\blues,blues
11,blues.00011.wav,C:\Users\SvenG\Documents\ANN_Final_03\data\genres\blues,blues
12,blues.00012.wav,C:\Users\SvenG\Documents\ANN_Final_03\data\genres\blues,blues
13,blues.00013.wav,C:\Users\SvenG\Documents\ANN_Final_03\data\genres\blues,blues
14,blues.00014.wav,C:\Users\SvenG\Documents\ANN_Final_03\data\genres\blues,blues
15,blues.00015.wav,C:\Users\SvenG\Documents\ANN_Final_03\data\genres\blues,blues
16,blues.00016.wav,C:\Users\SvenG\Documents\ANN_Final_03\data\genres\blues,blues
17,blues.00017.wav,C:\Users\SvenG\Documents\ANN_Final_03\data\genres\blues,blues
18,blues.00018.wav,C:\Users\SvenG\Documents\ANN_Final_03\data\genres\blues,blues
19,blues.00019.wav,C:\Users\SvenG\Documents\ANN_Final_03\data\genres\blues,blues
20,blues.00020.wav,C:\Users\SvenG\Documents\ANN_Final_03\data\genres\blues,blues
21,blues.00021.wav,C:\Users\SvenG\Documents\ANN_Final_03\data\genres\blues,blues
22,blues.00022.wav,C:\Users\SvenG\Documents\ANN_Final_03\data\genres\blues,blues
23,blues.00023.wav,C:\Users\SvenG\Documents\ANN_Final_03\data\genres\blues,blues
24,blues.00024.wav,C:\Users\SvenG\Documents\ANN_Final_03\data\genres\blues,blues
25,blues.00025.wav,C:\Users\SvenG\Documents\ANN_Final_03\data\genres\blues,blues
26,blues.00026.wav,C:\Users\SvenG\Documents\ANN_Final_03\data\genres\blues,blues
27,blues.00027.wav,C:\Users\SvenG\Documents\ANN_Final_03\data\genres\blues,blues
28,blues.00028.wav,C:\Users\SvenG\Documents\ANN_Final_03\data\genres\blues,blues
29,blues.00029.wav,C:\Users\SvenG\Documents\ANN_Final_03\data\genres\blues,blues
30,blues.00030.wav,C:\Users\SvenG\Documents\ANN_Final_03\data\genres\blues,blues
31,blues.00031.wav,C:\Users\SvenG\Documents\ANN_Final_03\data\genres\blues,blues
32,blues.00032.wav,C:\Users\SvenG\Documents\ANN_Final_03\data\genres\blues,blues
33,blues.00033.wav,C:\Users\SvenG\Documents\ANN_Final_03\data\genres\blues,blues
34,blues.00034.wav,C:\Users\SvenG\Documents\ANN_Final_03\data\genres\blues,blues
35,blues.00035.wav,C:\Users\SvenG\Documents\ANN_Final_03\data\genres\blues,blues
36,blues.00036.wav,C:\Users\SvenG\Documents\ANN_Final_03\data\genres\blues,blues
37,blues.00037.wav,C:\Users\SvenG\Documents\ANN_Final_03\data\genres\blues,blues
38,blues.00038.wav,C:\Users\SvenG\Documents\ANN_Final_03\data\genres\blues,blues
39,blues.00039.wav,C:\Users\SvenG\Documents\ANN_Final_03\data\genres\blues,blues
40,blues.00040.wav,C:\Users\SvenG\Documents\ANN_Final_03\data\genres\blues,blues
41,blues.00041.wav,C:\Users\SvenG\Documents\ANN_Final_03\data\genres\blues,blues
42,blues.00042.wav,C:\Users\SvenG\Documents\ANN_Final_03\data\genres\blues,blues
43,blues.00043.wav,C:\Users\SvenG\Documents\ANN_Final_03\data\genres\blues,blues
44,blues.00044.wav,C:\Users\SvenG\Documents\ANN_Final_03\data\genres\blues,blues
45,blues.00045.wav,C:\Users\SvenG\Documents\ANN_Final_03\data\genres\blues,blues
46,blues.00046.wav,C:\Users\SvenG\Documents\ANN_Final_03\data\genres\blues,blues
47,blues.00047.wav,C:\Users\SvenG\Documents\ANN_Final_03\data\genres\blues,blues
48,blues.00048.wav,C:\Users\SvenG\Documents\ANN_Final_03\data\genres\blues,blues
49,blues.00049.wav,C:\Users\SvenG\Documents\ANN_Final_03\data\genres\blues,blues
50,blues.00050.wav,C:\Users\SvenG\Documents\ANN_Final_03\data\genres\blues,blues
51,blues.00051.wav,C:\Users\SvenG\Documents\ANN_Final_03\data\genres\blues,blues
52,blues.00052.wav,C:\Users\SvenG\Documents\ANN_Final_03\data\genres\blues,blues
53,blues.00053.wav,C:\Users\SvenG\Documents\ANN_Final_03\data\genres\blues,blues
54,blues.00054.wav,C:\Users\SvenG\Documents\ANN_Final_03\data\genres\blues,blues
55,blues.00055.wav,C:\Users\SvenG\Documents\ANN_Final_03\data\genres\blues,blues
56,blues.00056.wav,C:\Users\SvenG\Documents\ANN_Final_03\data\genres\blues,blues
57,blues.00057.wav,C:\Users\SvenG\Documents\ANN_Final_03\data\genres\blues,blues
58,blues.00058.wav,C:\Users\SvenG\Documents\ANN_Final_03\data\genres\blues,blues
59,blues.00059.wav,C:\Users\SvenG\Documents\ANN_Final_03\data\genres\blues,blues
60,blues.00060.wav,C:\Users\SvenG\Documents\ANN_Final_03\data\genres\blues,blues
61,blues.00061.wav,C:\Users\SvenG\Documents\ANN_Final_03\data\genres\blues,blues
62,blues.00062.wav,C:\Users\SvenG\Documents\ANN_Final_03\data\genres\blues,blues
63,blues.00063.wav,C:\Users\SvenG\Documents\ANN_Final_03\data\genres\blues,blues
64,blues.00064.wav,C:\Users\SvenG\Documents\ANN_Final_03\data\genres\blues,blues
65,blues.00065.wav,C:\Users\SvenG\Documents\ANN_Final_03\data\genres\blues,blues
66,blues.00066.wav,C:\Users\SvenG\Documents\ANN_Final_03\data\genres\blues,blues
67,blues.00067.wav,C:\Users\SvenG\Documents\ANN_Final_03\data\genres\blues,blues
68,blues.00068.wav,C:\Users\SvenG\Documents\ANN_Final_03\data\genres\blues,blues
69,blues.00069.wav,C:\Users\SvenG\Documents\ANN_Final_03\data\genres\blues,blues
70,blues.00070.wav,C:\Users\SvenG\Documents\ANN_Final_03\data\genres\blues,blues
71,blues.00071.wav,C:\Users\SvenG\Documents\ANN_Final_03\data\genres\blues,blues
72,blues.00072.wav,C:\Users\SvenG\Documents\ANN_Final_03\data\genres\blues,blues
73,blues.00073.wav,C:\Users\SvenG\Documents\ANN_Final_03\data\genres\blues,blues
74,blues.00074.wav,C:\Users\SvenG\Documents\ANN_Final_03\data\genres\blues,blues
75,blues.00075.wav,C:\Users\SvenG\Documents\ANN_Final_03\data\genres\blues,blues
76,blues.00076.wav,C:\Users\SvenG\Documents\ANN_Final_03\data\genres\blues,blues
77,blues.00077.wav,C:\Users\SvenG\Documents\ANN_Final_03\data\genres\blues,blues
78,blues.00078.wav,C:\Users\SvenG\Documents\ANN_Final_03\data\genres\blues,blues
79,blues.00079.wav,C:\Users\SvenG\Documents\ANN_Final_03\data\genres\blues,blues
80,blues.00080.wav,C:\Users\SvenG\Documents\ANN_Final_03\data\genres\blues,blues
81,blues.00081.wav,C:\Users\SvenG\Documents\ANN_Final_03\data\genres\blues,blues
82,blues.00082.wav,C:\Users\SvenG\Documents\ANN_Final_03\data\genres\blues,blues
83,blues.00083.wav,C:\Users\SvenG\Documents\ANN_Final_03\data\genres\blues,blues
84,blues.00084.wav,C:\Users\SvenG\Documents\ANN_Final_03\data\genres\blues,blues
85,blues.00085.wav,C:\Users\SvenG\Documents\ANN_Final_03\data\genres\blues,blues
86,blues.00086.wav,C:\Users\SvenG\Documents\ANN_Final_03\data\genres\blues,blues
87,blues.00087.wav,C:\Users\SvenG\Documents\ANN_Final_03\data\genres\blues,blues
88,blues.00088.wav,C:\Users\SvenG\Documents\ANN_Final_03\data\genres\blues,blues
89,blues.00089.wav,C:\Users\SvenG\Documents\ANN_Final_03\data\genres\blues,blues
90,blues.00090.wav,C:\Users\SvenG\Documents\ANN_Final_03\data\genres\blues,blues
91,blues.00091.wav,C:\Users\SvenG\Documents\ANN_Final_03\data\genres\blues,blues
92,blues.00092.wav,C:\Users\SvenG\Documents\ANN_Final_03\data\genres\blues,blues
93,blues.00093.wav,C:\Users\SvenG\Documents\ANN_Final_03\data\genres\blues,blues
94,blues.00094.wav,C:\Users\SvenG\Documents\ANN_Final_03\data\genres\blues,blues
95,blues.00095.wav,C:\Users\SvenG\Documents\ANN_Final_03\data\genres\blues,blues
96,blues.00096.wav,C:\Users\SvenG\Documents\ANN_Final_03\data\genres\blues,blues
97,blues.00097.wav,C:\Users\SvenG\Documents\ANN_Final_03\data\genres\blues,blues
98,blues.00098.wav,C:\Users\SvenG\Documents\ANN_Final_03\data\genres\blues,blues
99,blues.00099.wav,C:\Users\SvenG\Documents\ANN_Final_03\data\genres\blues,blues
100,classical.00000.wav,C:\Users\SvenG\Documents\ANN_Final_03\data\genres\classical,classical
101,classical.00001.wav,C:\Users\SvenG\Documents\ANN_Final_03\data\genres\classical,classical
102,classical.00002.wav,C:\Users\SvenG\Documents\ANN_Final_03\data\genres\classical,classical
103,classical.00003.wav,C:\Users\SvenG\Documents\ANN_Final_03\data\genres\classical,classical
104,classical.00004.wav,C:\Users\SvenG\Documents\ANN_Final_03\data\genres\classical,classical
105,classical.00005.wav,C:\Users\SvenG\Documents\ANN_Final_03\data\genres\classical,classical
106,classical.00006.wav,C:\Users\SvenG\Documents\ANN_Final_03\data\genres\classical,classical
107,classical.00007.wav,C:\Users\SvenG\Documents\ANN_Final_03\data\genres\classical,classical
108,classical.00008.wav,C:\Users\SvenG\Documents\ANN_Final_03\data\genres\classical,classical
109,classical.00009.wav,C:\Users\SvenG\Documents\ANN_Final_03\data\genres\classical,classical
110,classical.00010.wav,C:\Users\SvenG\Documents\ANN_Final_03\data\genres\classical,classical
111,classical.00011.wav,C:\Users\SvenG\Documents\ANN_Final_03\data\genres\classical,classical
112,classical.00012.wav,C:\Users\SvenG\Documents\ANN_Final_03\data\genres\classical,classical
113,classical.00013.wav,C:\Users\SvenG\Documents\ANN_Final_03\data\genres\classical,classical
114,classical.00014.wav,C:\Users\SvenG\Documents\ANN_Final_03\data\genres\classical,classical
115,classical.00015.wav,C:\Users\SvenG\Documents\ANN_Final_03\data\genres\classical,classical
116,classical.00016.wav,C:\Users\SvenG\Documents\ANN_Final_03\data\genres\classical,classical
117,classical.00017.wav,C:\Users\SvenG\Documents\ANN_Final_03\data\genres\classical,classical
118,classical.00018.wav,C:\Users\SvenG\Documents\ANN_Final_03\data\genres\classical,classical
119,classical.00019.wav,C:\Users\SvenG\Documents\ANN_Final_03\data\genres\classical,classical
120,classical.00020.wav,C:\Users\SvenG\Documents\ANN_Final_03\data\genres\classical,classical
121,classical.00021.wav,C:\Users\SvenG\Documents\ANN_Final_03\data\genres\classical,classical
122,classical.00022.wav,C:\Users\SvenG\Documents\ANN_Final_03\data\genres\classical,classical
123,classical.00023.wav,C:\Users\SvenG\Documents\ANN_Final_03\data\genres\classical,classical
124,classical.00024.wav,C:\Users\SvenG\Documents\ANN_Final_03\data\genres\classical,classical
125,classical.00025.wav,C:\Users\SvenG\Documents\ANN_Final_03\data\genres\classical,classical
126,classical.00026.wav,C:\Users\SvenG\Documents\ANN_Final_03\data\genres\classical,classical
127,classical.00027.wav,C:\Users\SvenG\Documents\ANN_Final_03\data\genres\classical,classical
128,classical.00028.wav,C:\Users\SvenG\Documents\ANN_Final_03\data\genres\classical,classical
129,classical.00029.wav,C:\Users\SvenG\Documents\ANN_Final_03\data\genres\classical,classical
130,classical.00030.wav,C:\Users\SvenG\Documents\ANN_Final_03\data\genres\classical,classical
131,classical.00031.wav,C:\Users\SvenG\Documents\ANN_Final_03\data\genres\classical,classical
132,classical.00032.wav,C:\Users\SvenG\Documents\ANN_Final_03\data\genres\classical,classical
133,classical.00033.wav,C:\Users\SvenG\Documents\ANN_Final_03\data\genres\classical,classical
134,classical.00034.wav,C:\Users\SvenG\Documents\ANN_Final_03\data\genres\classical,classical
135,classical.00035.wav,C:\Users\SvenG\Documents\ANN_Final_03\data\genres\classical,classical
136,classical.00036.wav,C:\Users\SvenG\Documents\ANN_Final_03\data\genres\classical,classical
137,classical.00037.wav,C:\Users\SvenG\Documents\ANN_Final_03\data\genres\classical,classical
138,classical.00038.wav,C:\Users\SvenG\Documents\ANN_Final_03\data\genres\classical,classical
139,classical.00039.wav,C:\Users\SvenG\Documents\ANN_Final_03\data\genres\classical,classical
140,classical.00040.wav,C:\Users\SvenG\Documents\ANN_Final_03\data\genres\classical,classical
141,classical.00041.wav,C:\Users\SvenG\Documents\ANN_Final_03\data\genres\classical,classical
142,classical.00042.wav,C:\Users\SvenG\Documents\ANN_Final_03\data\genres\classical,classical
143,classical.00043.wav,C:\Users\SvenG\Documents\ANN_Final_03\data\genres\classical,classical
144,classical.00044.wav,C:\Users\SvenG\Documents\ANN_Final_03\data\genres\classical,classical
145,classical.00045.wav,C:\Users\SvenG\Documents\ANN_Final_03\data\genres\classical,classical
146,classical.00046.wav,C:\Users\SvenG\Documents\ANN_Final_03\data\genres\classical,classical
147,classical.00047.wav,C:\Users\SvenG\Documents\ANN_Final_03\data\genres\classical,classical
148,classical.00048.wav,C:\Users\SvenG\Documents\ANN_Final_03\data\genres\classical,classical
149,classical.00049.wav,C:\Users\SvenG\Documents\ANN_Final_03\data\genres\classical,classical
150,classical.00050.wav,C:\Users\SvenG\Documents\ANN_Final_03\data\genres\classical,classical
151,classical.00051.wav,C:\Users\SvenG\Documents\ANN_Final_03\data\genres\classical,classical
152,classical.00052.wav,C:\Users\SvenG\Documents\ANN_Final_03\data\genres\classical,classical
153,classical.00053.wav,C:\Users\SvenG\Documents\ANN_Final_03\data\genres\classical,classical
154,classical.00054.wav,C:\Users\SvenG\Documents\ANN_Final_03\data\genres\classical,classical
155,classical.00055.wav,C:\Users\SvenG\Documents\ANN_Final_03\data\genres\classical,classical
156,classical.00056.wav,C:\Users\SvenG\Documents\ANN_Final_03\data\genres\classical,classical
157,classical.00057.wav,C:\Users\SvenG\Documents\ANN_Final_03\data\genres\classical,classical
158,classical.00058.wav,C:\Users\SvenG\Documents\ANN_Final_03\data\genres\classical,classical
159,classical.00059.wav,C:\Users\SvenG\Documents\ANN_Final_03\data\genres\classical,classical
160,classical.00060.wav,C:\Users\SvenG\Documents\ANN_Final_03\data\genres\classical,classical
161,classical.00061.wav,C:\Users\SvenG\Documents\ANN_Final_03\data\genres\classical,classical
162,classical.00062.wav,C:\Users\SvenG\Documents\ANN_Final_03\data\genres\classical,classical
163,classical.00063.wav,C:\Users\SvenG\Documents\ANN_Final_03\data\genres\classical,classical
164,classical.00064.wav,C:\Users\SvenG\Documents\ANN_Final_03\data\genres\classical,classical
165,classical.00065.wav,C:\Users\SvenG\Documents\ANN_Final_03\data\genres\classical,classical
166,classical.00066.wav,C:\Users\SvenG\Documents\ANN_Final_03\data\genres\classical,classical
167,classical.00067.wav,C:\Users\SvenG\Documents\ANN_Final_03\data\genres\classical,classical
168,classical.00068.wav,C:\Users\SvenG\Documents\ANN_Final_03\data\genres\classical,classical
169,classical.00069.wav,C:\Users\SvenG\Documents\ANN_Final_03\data\genres\classical,classical
170,classical.00070.wav,C:\Users\SvenG\Documents\ANN_Final_03\data\genres\classical,classical
171,classical.00071.wav,C:\Users\SvenG\Documents\ANN_Final_03\data\genres\classical,classical
172,classical.00072.wav,C:\Users\SvenG\Documents\ANN_Final_03\data\genres\classical,classical
173,classical.00073.wav,C:\Users\SvenG\Documents\ANN_Final_03\data\genres\classical,classical
174,classical.00074.wav,C:\Users\SvenG\Documents\ANN_Final_03\data\genres\classical,classical
175,classical.00075.wav,C:\Users\SvenG\Documents\ANN_Final_03\data\genres\classical,classical
176,classical.00076.wav,C:\Users\SvenG\Documents\ANN_Final_03\data\genres\classical,classical
177,classical.00077.wav,C:\Users\SvenG\Documents\ANN_Final_03\data\genres\classical,classical
178,classical.00078.wav,C:\Users\SvenG\Documents\ANN_Final_03\data\genres\classical,classical
179,classical.00079.wav,C:\Users\SvenG\Documents\ANN_Final_03\data\genres\classical,classical
180,classical.00080.wav,C:\Users\SvenG\Documents\ANN_Final_03\data\genres\classical,classical
181,classical.00081.wav,C:\Users\SvenG\Documents\ANN_Final_03\data\genres\classical,classical
182,classical.00082.wav,C:\Users\SvenG\Documents\ANN_Final_03\data\genres\classical,classical
183,classical.00083.wav,C:\Users\SvenG\Documents\ANN_Final_03\data\genres\classical,classical
184,classical.00084.wav,C:\Users\SvenG\Documents\ANN_Final_03\data\genres\classical,classical
185,classical.00085.wav,C:\Users\SvenG\Documents\ANN_Final_03\data\genres\classical,classical
186,classical.00086.wav,C:\Users\SvenG\Documents\ANN_Final_03\data\genres\classical,classical
187,classical.00087.wav,C:\Users\SvenG\Documents\ANN_Final_03\data\genres\classical,classical
188,classical.00088.wav,C:\Users\SvenG\Documents\ANN_Final_03\data\genres\classical,classical
189,classical.00089.wav,C:\Users\SvenG\Documents\ANN_Final_03\data\genres\classical,classical
190,classical.00090.wav,C:\Users\SvenG\Documents\ANN_Final_03\data\genres\classical,classical
191,classical.00091.wav,C:\Users\SvenG\Documents\ANN_Final_03\data\genres\classical,classical
192,classical.00092.wav,C:\Users\SvenG\Documents\ANN_Final_03\data\genres\classical,classical
193,classical.00093.wav,C:\Users\SvenG\Documents\ANN_Final_03\data\genres\classical,classical
194,classical.00094.wav,C:\Users\SvenG\Documents\ANN_Final_03\data\genres\classical,classical
195,classical.00095.wav,C:\Users\SvenG\Documents\ANN_Final_03\data\genres\classical,classical
196,classical.00096.wav,C:\Users\SvenG\Documents\ANN_Final_03\data\genres\classical,classical
197,classical.00097.wav,C:\Users\SvenG\Documents\ANN_Final_03\data\genres\classical,classical
198,classical.00098.wav,C:\Users\SvenG\Documents\ANN_Final_03\data\genres\classical,classical
199,classical.00099.wav,C:\Users\SvenG\Documents\ANN_Final_03\data\genres\classical,classical
200,country.00000.wav,C:\Users\SvenG\Documents\ANN_Final_03\data\genres\country,country
201,country.00001.wav,C:\Users\SvenG\Documents\ANN_Final_03\data\genres\country,country
202,country.00002.wav,C:\Users\SvenG\Documents\ANN_Final_03\data\genres\country,country
203,country.00003.wav,C:\Users\SvenG\Documents\ANN_Final_03\data\genres\country,country
204,country.00004.wav,C:\Users\SvenG\Documents\ANN_Final_03\data\genres\country,country
205,country.00005.wav,C:\Users\SvenG\Documents\ANN_Final_03\data\genres\country,country
206,country.00006.wav,C:\Users\SvenG\Documents\ANN_Final_03\data\genres\country,country
207,country.00007.wav,C:\Users\SvenG\Documents\ANN_Final_03\data\genres\country,country
208,country.00008.wav,C:\Users\SvenG\Documents\ANN_Final_03\data\genres\country,country
209,country.00009.wav,C:\Users\SvenG\Documents\ANN_Final_03\data\genres\country,country
210,country.00010.wav,C:\Users\SvenG\Documents\ANN_Final_03\data\genres\country,country
211,country.00011.wav,C:\Users\SvenG\Documents\ANN_Final_03\data\genres\country,country
212,country.00012.wav,C:\Users\SvenG\Documents\ANN_Final_03\data\genres\country,country
213,country.00013.wav,C:\Users\SvenG\Documents\ANN_Final_03\data\genres\country,country
214,country.00014.wav,C:\Users\SvenG\Documents\ANN_Final_03\data\genres\country,country
215,country.00015.wav,C:\Users\SvenG\Documents\ANN_Final_03\data\genres\country,country
216,country.00016.wav,C:\Users\SvenG\Documents\ANN_Final_03\data\genres\country,country
217,country.00017.wav,C:\Users\SvenG\Documents\ANN_Final_03\data\genres\country,country
218,country.00018.wav,C:\Users\SvenG\Documents\ANN_Final_03\data\genres\country,country
219,country.00019.wav,C:\Users\SvenG\Documents\ANN_Final_03\data\genres\country,country
220,country.00020.wav,C:\Users\SvenG\Documents\ANN_Final_03\data\genres\country,country
221,country.00021.wav,C:\Users\SvenG\Documents\ANN_Final_03\data\genres\country,country
222,country.00022.wav,C:\Users\SvenG\Documents\ANN_Final_03\data\genres\country,country
223,country.00023.wav,C:\Users\SvenG\Documents\ANN_Final_03\data\genres\country,country
224,country.00024.wav,C:\Users\SvenG\Documents\ANN_Final_03\data\genres\country,country
225,country.00025.wav,C:\Users\SvenG\Documents\ANN_Final_03\data\genres\country,country
226,country.00026.wav,C:\Users\SvenG\Documents\ANN_Final_03\data\genres\country,country
227,country.00027.wav,C:\Users\SvenG\Documents\ANN_Final_03\data\genres\country,country
228,country.00028.wav,C:\Users\SvenG\Documents\ANN_Final_03\data\genres\country,country
229,country.00029.wav,C:\Users\SvenG\Documents\ANN_Final_03\data\genres\country,country
230,country.00030.wav,C:\Users\SvenG\Documents\ANN_Final_03\data\genres\country,country
231,country.00031.wav,C:\Users\SvenG\Documents\ANN_Final_03\data\genres\country,country
232,country.00032.wav,C:\Users\SvenG\Documents\ANN_Final_03\data\genres\country,country
233,country.00033.wav,C:\Users\SvenG\Documents\ANN_Final_03\data\genres\country,country
234,country.00034.wav,C:\Users\SvenG\Documents\ANN_Final_03\data\genres\country,country
235,country.00035.wav,C:\Users\SvenG\Documents\ANN_Final_03\data\genres\country,country
236,country.00036.wav,C:\Users\SvenG\Documents\ANN_Final_03\data\genres\country,country
237,country.00037.wav,C:\Users\SvenG\Documents\ANN_Final_03\data\genres\country,country
238,country.00038.wav,C:\Users\SvenG\Documents\ANN_Final_03\data\genres\country,country
239,country.00039.wav,C:\Users\SvenG\Documents\ANN_Final_03\data\genres\country,country
240,country.00040.wav,C:\Users\SvenG\Documents\ANN_Final_03\data\genres\country,country
241,country.00041.wav,C:\Users\SvenG\Documents\ANN_Final_03\data\genres\country,country
242,country.00042.wav,C:\Users\SvenG\Documents\ANN_Final_03\data\genres\country,country
243,country.00043.wav,C:\Users\SvenG\Documents\ANN_Final_03\data\genres\country,country
244,country.00044.wav,C:\Users\SvenG\Documents\ANN_Final_03\data\genres\country,country
245,country.00045.wav,C:\Users\SvenG\Documents\ANN_Final_03\data\genres\country,country
246,country.00046.wav,C:\Users\SvenG\Documents\ANN_Final_03\data\genres\country,country
247,country.00047.wav,C:\Users\SvenG\Documents\ANN_Final_03\data\genres\country,country
248,country.00048.wav,C:\Users\SvenG\Documents\ANN_Final_03\data\genres\country,country
249,country.00049.wav,C:\Users\SvenG\Documents\ANN_Final_03\data\genres\country,country
250,country.00050.wav,C:\Users\SvenG\Documents\ANN_Final_03\data\genres\country,country
251,country.00051.wav,C:\Users\SvenG\Documents\ANN_Final_03\data\genres\country,country
252,country.00052.wav,C:\Users\SvenG\Documents\ANN_Final_03\data\genres\country,country
253,country.00053.wav,C:\Users\SvenG\Documents\ANN_Final_03\data\genres\country,country
254,country.00054.wav,C:\Users\SvenG\Documents\ANN_Final_03\data\genres\country,country
255,country.00055.wav,C:\Users\SvenG\Documents\ANN_Final_03\data\genres\country,country
256,country.00056.wav,C:\Users\SvenG\Documents\ANN_Final_03\data\genres\country,country
257,country.00057.wav,C:\Users\SvenG\Documents\ANN_Final_03\data\genres\country,country
258,country.00058.wav,C:\Users\SvenG\Documents\ANN_Final_03\data\genres\country,country
259,country.00059.wav,C:\Users\SvenG\Documents\ANN_Final_03\data\genres\country,country
260,country.00060.wav,C:\Users\SvenG\Documents\ANN_Final_03\data\genres\country,country
261,country.00061.wav,C:\Users\SvenG\Documents\ANN_Final_03\data\genres\country,country
262,country.00062.wav,C:\Users\SvenG\Documents\ANN_Final_03\data\genres\country,country
263,country.00063.wav,C:\Users\SvenG\Documents\ANN_Final_03\data\genres\country,country
264,country.00064.wav,C:\Users\SvenG\Documents\ANN_Final_03\data\genres\country,country
265,country.00065.wav,C:\Users\SvenG\Documents\ANN_Final_03\data\genres\country,country
266,country.00066.wav,C:\Users\SvenG\Documents\ANN_Final_03\data\genres\country,country
267,country.00067.wav,C:\Users\SvenG\Documents\ANN_Final_03\data\genres\country,country
268,country.00068.wav,C:\Users\SvenG\Documents\ANN_Final_03\data\genres\country,country
269,country.00069.wav,C:\Users\SvenG\Documents\ANN_Final_03\data\genres\country,country
270,country.00070.wav,C:\Users\SvenG\Documents\ANN_Final_03\data\genres\country,country
271,country.00071.wav,C:\Users\SvenG\Documents\ANN_Final_03\data\genres\country,country
272,country.00072.wav,C:\Users\SvenG\Documents\ANN_Final_03\data\genres\country,country
273,country.00073.wav,C:\Users\SvenG\Documents\ANN_Final_03\data\genres\country,country
274,country.00074.wav,C:\Users\SvenG\Documents\ANN_Final_03\data\genres\country,country
275,country.00075.wav,C:\Users\SvenG\Documents\ANN_Final_03\data\genres\country,country
276,country.00076.wav,C:\Users\SvenG\Documents\ANN_Final_03\data\genres\country,country
277,country.00077.wav,C:\Users\SvenG\Documents\ANN_Final_03\data\genres\country,country
278,country.00078.wav,C:\Users\SvenG\Documents\ANN_Final_03\data\genres\country,country
279,country.00079.wav,C:\Users\SvenG\Documents\ANN_Final_03\data\genres\country,country
280,country.00080.wav,C:\Users\SvenG\Documents\ANN_Final_03\data\genres\country,country
281,country.00081.wav,C:\Users\SvenG\Documents\ANN_Final_03\data\genres\country,country
282,country.00082.wav,C:\Users\SvenG\Documents\ANN_Final_03\data\genres\country,country
283,country.00083.wav,C:\Users\SvenG\Documents\ANN_Final_03\data\genres\country,country
284,country.00084.wav,C:\Users\SvenG\Documents\ANN_Final_03\data\genres\country,country
285,country.00085.wav,C:\Users\SvenG\Documents\ANN_Final_03\data\genres\country,country
286,country.00086.wav,C:\Users\SvenG\Documents\ANN_Final_03\data\genres\country,country
287,country.00087.wav,C:\Users\SvenG\Documents\ANN_Final_03\data\genres\country,country
288,country.00088.wav,C:\Users\SvenG\Documents\ANN_Final_03\data\genres\country,country
289,country.00089.wav,C:\Users\SvenG\Documents\ANN_Final_03\data\genres\country,country
290,country.00090.wav,C:\Users\SvenG\Documents\ANN_Final_03\data\genres\country,country
291,country.00091.wav,C:\Users\SvenG\Documents\ANN_Final_03\data\genres\country,country
292,country.00092.wav,C:\Users\SvenG\Documents\ANN_Final_03\data\genres\country,country
293,country.00093.wav,C:\Users\SvenG\Documents\ANN_Final_03\data\genres\country,country
294,country.00094.wav,C:\Users\SvenG\Documents\ANN_Final_03\data\genres\country,country
295,country.00095.wav,C:\Users\SvenG\Documents\ANN_Final_03\data\genres\country,country
296,country.00096.wav,C:\Users\SvenG\Documents\ANN_Final_03\data\genres\country,country
297,country.00097.wav,C:\Users\SvenG\Documents\ANN_Final_03\data\genres\country,country
298,country.00098.wav,C:\Users\SvenG\Documents\ANN_Final_03\data\genres\country,country
299,country.00099.wav,C:\Users\SvenG\Documents\ANN_Final_03\data\genres\country,country
300,disco.00000.wav,C:\Users\SvenG\Documents\ANN_Final_03\data\genres\disco,disco
301,disco.00001.wav,C:\Users\SvenG\Documents\ANN_Final_03\data\genres\disco,disco
302,disco.00002.wav,C:\Users\SvenG\Documents\ANN_Final_03\data\genres\disco,disco
303,disco.00003.wav,C:\Users\SvenG\Documents\ANN_Final_03\data\genres\disco,disco
304,disco.00004.wav,C:\Users\SvenG\Documents\ANN_Final_03\data\genres\disco,disco
305,disco.00005.wav,C:\Users\SvenG\Documents\ANN_Final_03\data\genres\disco,disco
306,disco.00006.wav,C:\Users\SvenG\Documents\ANN_Final_03\data\genres\disco,disco
307,disco.00007.wav,C:\Users\SvenG\Documents\ANN_Final_03\data\genres\disco,disco
308,disco.00008.wav,C:\Users\SvenG\Documents\ANN_Final_03\data\genres\disco,disco
309,disco.00009.wav,C:\Users\SvenG\Documents\ANN_Final_03\data\genres\disco,disco
310,disco.00010.wav,C:\Users\SvenG\Documents\ANN_Final_03\data\genres\disco,disco
311,disco.00011.wav,C:\Users\SvenG\Documents\ANN_Final_03\data\genres\disco,disco
312,disco.00012.wav,C:\Users\SvenG\Documents\ANN_Final_03\data\genres\disco,disco
313,disco.00013.wav,C:\Users\SvenG\Documents\ANN_Final_03\data\genres\disco,disco
314,disco.00014.wav,C:\Users\SvenG\Documents\ANN_Final_03\data\genres\disco,disco
315,disco.00015.wav,C:\Users\SvenG\Documents\ANN_Final_03\data\genres\disco,disco
316,disco.00016.wav,C:\Users\SvenG\Documents\ANN_Final_03\data\genres\disco,disco
317,disco.00017.wav,C:\Users\SvenG\Documents\ANN_Final_03\data\genres\disco,disco
318,disco.00018.wav,C:\Users\SvenG\Documents\ANN_Final_03\data\genres\disco,disco
319,disco.00019.wav,C:\Users\SvenG\Documents\ANN_Final_03\data\genres\disco,disco
320,disco.00020.wav,C:\Users\SvenG\Documents\ANN_Final_03\data\genres\disco,disco
321,disco.00021.wav,C:\Users\SvenG\Documents\ANN_Final_03\data\genres\disco,disco
322,disco.00022.wav,C:\Users\SvenG\Documents\ANN_Final_03\data\genres\disco,disco
323,disco.00023.wav,C:\Users\SvenG\Documents\ANN_Final_03\data\genres\disco,disco
324,disco.00024.wav,C:\Users\SvenG\Documents\ANN_Final_03\data\genres\disco,disco
325,disco.00025.wav,C:\Users\SvenG\Documents\ANN_Final_03\data\genres\disco,disco
326,disco.00026.wav,C:\Users\SvenG\Documents\ANN_Final_03\data\genres\disco,disco
327,disco.00027.wav,C:\Users\SvenG\Documents\ANN_Final_03\data\genres\disco,disco
328,disco.00028.wav,C:\Users\SvenG\Documents\ANN_Final_03\data\genres\disco,disco
329,disco.00029.wav,C:\Users\SvenG\Documents\ANN_Final_03\data\genres\disco,disco
330,disco.00030.wav,C:\Users\SvenG\Documents\ANN_Final_03\data\genres\disco,disco
331,disco.00031.wav,C:\Users\SvenG\Documents\ANN_Final_03\data\genres\disco,disco
332,disco.00032.wav,C:\Users\SvenG\Documents\ANN_Final_03\data\genres\disco,disco
333,disco.00033.wav,C:\Users\SvenG\Documents\ANN_Final_03\data\genres\disco,disco
334,disco.00034.wav,C:\Users\SvenG\Documents\ANN_Final_03\data\genres\disco,disco
335,disco.00035.wav,C:\Users\SvenG\Documents\ANN_Final_03\data\genres\disco,disco
336,disco.00036.wav,C:\Users\SvenG\Documents\ANN_Final_03\data\genres\disco,disco
337,disco.00037.wav,C:\Users\SvenG\Documents\ANN_Final_03\data\genres\disco,disco
338,disco.00038.wav,C:\Users\SvenG\Documents\ANN_Final_03\data\genres\disco,disco
339,disco.00039.wav,C:\Users\SvenG\Documents\ANN_Final_03\data\genres\disco,disco
340,disco.00040.wav,C:\Users\SvenG\Documents\ANN_Final_03\data\genres\disco,disco
341,disco.00041.wav,C:\Users\SvenG\Documents\ANN_Final_03\data\genres\disco,disco
342,disco.00042.wav,C:\Users\SvenG\Documents\ANN_Final_03\data\genres\disco,disco
343,disco.00043.wav,C:\Users\SvenG\Documents\ANN_Final_03\data\genres\disco,disco
344,disco.00044.wav,C:\Users\SvenG\Documents\ANN_Final_03\data\genres\disco,disco
345,disco.00045.wav,C:\Users\SvenG\Documents\ANN_Final_03\data\genres\disco,disco
346,disco.00046.wav,C:\Users\SvenG\Documents\ANN_Final_03\data\genres\disco,disco
347,disco.00047.wav,C:\Users\SvenG\Documents\ANN_Final_03\data\genres\disco,disco
348,disco.00048.wav,C:\Users\SvenG\Documents\ANN_Final_03\data\genres\disco,disco
349,disco.00049.wav,C:\Users\SvenG\Documents\ANN_Final_03\data\genres\disco,disco
350,disco.00050.wav,C:\Users\SvenG\Documents\ANN_Final_03\data\genres\disco,disco
351,disco.00051.wav,C:\Users\SvenG\Documents\ANN_Final_03\data\genres\disco,disco
352,disco.00052.wav,C:\Users\SvenG\Documents\ANN_Final_03\data\genres\disco,disco
353,disco.00053.wav,C:\Users\SvenG\Documents\ANN_Final_03\data\genres\disco,disco
354,disco.00054.wav,C:\Users\SvenG\Documents\ANN_Final_03\data\genres\disco,disco
355,disco.00055.wav,C:\Users\SvenG\Documents\ANN_Final_03\data\genres\disco,disco
356,disco.00056.wav,C:\Users\SvenG\Documents\ANN_Final_03\data\genres\disco,disco
357,disco.00057.wav,C:\Users\SvenG\Documents\ANN_Final_03\data\genres\disco,disco
358,disco.00058.wav,C:\Users\SvenG\Documents\ANN_Final_03\data\genres\disco,disco
359,disco.00059.wav,C:\Users\SvenG\Documents\ANN_Final_03\data\genres\disco,disco
360,disco.00060.wav,C:\Users\SvenG\Documents\ANN_Final_03\data\genres\disco,disco
361,disco.00061.wav,C:\Users\SvenG\Documents\ANN_Final_03\data\genres\disco,disco
362,disco.00062.wav,C:\Users\SvenG\Documents\ANN_Final_03\data\genres\disco,disco
363,disco.00063.wav,C:\Users\SvenG\Documents\ANN_Final_03\data\genres\disco,disco
364,disco.00064.wav,C:\Users\SvenG\Documents\ANN_Final_03\data\genres\disco,disco
365,disco.00065.wav,C:\Users\SvenG\Documents\ANN_Final_03\data\genres\disco,disco
366,disco.00066.wav,C:\Users\SvenG\Documents\ANN_Final_03\data\genres\disco,disco
367,disco.00067.wav,C:\Users\SvenG\Documents\ANN_Final_03\data\genres\disco,disco
368,disco.00068.wav,C:\Users\SvenG\Documents\ANN_Final_03\data\genres\disco,disco
369,disco.00069.wav,C:\Users\SvenG\Documents\ANN_Final_03\data\genres\disco,disco
370,disco.00070.wav,C:\Users\SvenG\Documents\ANN_Final_03\data\genres\disco,disco
371,disco.00071.wav,C:\Users\SvenG\Documents\ANN_Final_03\data\genres\disco,disco
372,disco.00072.wav,C:\Users\SvenG\Documents\ANN_Final_03\data\genres\disco,disco
373,disco.00073.wav,C:\Users\SvenG\Documents\ANN_Final_03\data\genres\disco,disco
374,disco.00074.wav,C:\Users\SvenG\Documents\ANN_Final_03\data\genres\disco,disco
375,disco.00075.wav,C:\Users\SvenG\Documents\ANN_Final_03\data\genres\disco,disco
376,disco.00076.wav,C:\Users\SvenG\Documents\ANN_Final_03\data\genres\disco,disco
377,disco.00077.wav,C:\Users\SvenG\Documents\ANN_Final_03\data\genres\disco,disco
378,disco.00078.wav,C:\Users\SvenG\Documents\ANN_Final_03\data\genres\disco,disco
379,disco.00079.wav,C:\Users\SvenG\Documents\ANN_Final_03\data\genres\disco,disco
380,disco.00080.wav,C:\Users\SvenG\Documents\ANN_Final_03\data\genres\disco,disco
381,disco.00081.wav,C:\Users\SvenG\Documents\ANN_Final_03\data\genres\disco,disco
382,disco.00082.wav,C:\Users\SvenG\Documents\ANN_Final_03\data\genres\disco,disco
383,disco.00083.wav,C:\Users\SvenG\Documents\ANN_Final_03\data\genres\disco,disco
384,disco.00084.wav,C:\Users\SvenG\Documents\ANN_Final_03\data\genres\disco,disco
385,disco.00085.wav,C:\Users\SvenG\Documents\ANN_Final_03\data\genres\disco,disco
386,disco.00086.wav,C:\Users\SvenG\Documents\ANN_Final_03\data\genres\disco,disco
387,disco.00087.wav,C:\Users\SvenG\Documents\ANN_Final_03\data\genres\disco,disco
388,disco.00088.wav,C:\Users\SvenG\Documents\ANN_Final_03\data\genres\disco,disco
389,disco.00089.wav,C:\Users\SvenG\Documents\ANN_Final_03\data\genres\disco,disco
390,disco.00090.wav,C:\Users\SvenG\Documents\ANN_Final_03\data\genres\disco,disco
391,disco.00091.wav,C:\Users\SvenG\Documents\ANN_Final_03\data\genres\disco,disco
392,disco.00092.wav,C:\Users\SvenG\Documents\ANN_Final_03\data\genres\disco,disco
393,disco.00093.wav,C:\Users\SvenG\Documents\ANN_Final_03\data\genres\disco,disco
394,disco.00094.wav,C:\Users\SvenG\Documents\ANN_Final_03\data\genres\disco,disco
395,disco.00095.wav,C:\Users\SvenG\Documents\ANN_Final_03\data\genres\disco,disco
396,disco.00096.wav,C:\Users\SvenG\Documents\ANN_Final_03\data\genres\disco,disco
397,disco.00097.wav,C:\Users\SvenG\Documents\ANN_Final_03\data\genres\disco,disco
398,disco.00098.wav,C:\Users\SvenG\Documents\ANN_Final_03\data\genres\disco,disco
399,disco.00099.wav,C:\Users\SvenG\Documents\ANN_Final_03\data\genres\disco,disco
400,hiphop.00000.wav,C:\Users\SvenG\Documents\ANN_Final_03\data\genres\hiphop,hiphop
401,hiphop.00001.wav,C:\Users\SvenG\Documents\ANN_Final_03\data\genres\hiphop,hiphop
402,hiphop.00002.wav,C:\Users\SvenG\Documents\ANN_Final_03\data\genres\hiphop,hiphop
403,hiphop.00003.wav,C:\Users\SvenG\Documents\ANN_Final_03\data\genres\hiphop,hiphop
404,hiphop.00004.wav,C:\Users\SvenG\Documents\ANN_Final_03\data\genres\hiphop,hiphop
405,hiphop.00005.wav,C:\Users\SvenG\Documents\ANN_Final_03\data\genres\hiphop,hiphop
406,hiphop.00006.wav,C:\Users\SvenG\Documents\ANN_Final_03\data\genres\hiphop,hiphop
407,hiphop.00007.wav,C:\Users\SvenG\Documents\ANN_Final_03\data\genres\hiphop,hiphop
408,hiphop.00008.wav,C:\Users\SvenG\Documents\ANN_Final_03\data\genres\hiphop,hiphop
409,hiphop.00009.wav,C:\Users\SvenG\Documents\ANN_Final_03\data\genres\hiphop,hiphop
410,hiphop.00010.wav,C:\Users\SvenG\Documents\ANN_Final_03\data\genres\hiphop,hiphop
411,hiphop.00011.wav,C:\Users\SvenG\Documents\ANN_Final_03\data\genres\hiphop,hiphop
412,hiphop.00012.wav,C:\Users\SvenG\Documents\ANN_Final_03\data\genres\hiphop,hiphop
413,hiphop.00013.wav,C:\Users\SvenG\Documents\ANN_Final_03\data\genres\hiphop,hiphop
414,hiphop.00014.wav,C:\Users\SvenG\Documents\ANN_Final_03\data\genres\hiphop,hiphop
415,hiphop.00015.wav,C:\Users\SvenG\Documents\ANN_Final_03\data\genres\hiphop,hiphop
416,hiphop.00016.wav,C:\Users\SvenG\Documents\ANN_Final_03\data\genres\hiphop,hiphop
417,hiphop.00017.wav,C:\Users\SvenG\Documents\ANN_Final_03\data\genres\hiphop,hiphop
418,hiphop.00018.wav,C:\Users\SvenG\Documents\ANN_Final_03\data\genres\hiphop,hiphop
419,hiphop.00019.wav,C:\Users\SvenG\Documents\ANN_Final_03\data\genres\hiphop,hiphop
420,hiphop.00020.wav,C:\Users\SvenG\Documents\ANN_Final_03\data\genres\hiphop,hiphop
421,hiphop.00021.wav,C:\Users\SvenG\Documents\ANN_Final_03\data\genres\hiphop,hiphop
422,hiphop.00022.wav,C:\Users\SvenG\Documents\ANN_Final_03\data\genres\hiphop,hiphop
423,hiphop.00023.wav,C:\Users\SvenG\Documents\ANN_Final_03\data\genres\hiphop,hiphop
424,hiphop.00024.wav,C:\Users\SvenG\Documents\ANN_Final_03\data\genres\hiphop,hiphop
425,hiphop.00025.wav,C:\Users\SvenG\Documents\ANN_Final_03\data\genres\hiphop,hiphop
426,hiphop.00026.wav,C:\Users\SvenG\Documents\ANN_Final_03\data\genres\hiphop,hiphop
427,hiphop.00027.wav,C:\Users\SvenG\Documents\ANN_Final_03\data\genres\hiphop,hiphop
428,hiphop.00028.wav,C:\Users\SvenG\Documents\ANN_Final_03\data\genres\hiphop,hiphop
429,hiphop.00029.wav,C:\Users\SvenG\Documents\ANN_Final_03\data\genres\hiphop,hiphop
430,hiphop.00030.wav,C:\Users\SvenG\Documents\ANN_Final_03\data\genres\hiphop,hiphop
431,hiphop.00031.wav,C:\Users\SvenG\Documents\ANN_Final_03\data\genres\hiphop,hiphop
432,hiphop.00032.wav,C:\Users\SvenG\Documents\ANN_Final_03\data\genres\hiphop,hiphop
433,hiphop.00033.wav,C:\Users\SvenG\Documents\ANN_Final_03\data\genres\hiphop,hiphop
434,hiphop.00034.wav,C:\Users\SvenG\Documents\ANN_Final_03\data\genres\hiphop,hiphop
435,hiphop.00035.wav,C:\Users\SvenG\Documents\ANN_Final_03\data\genres\hiphop,hiphop
436,hiphop.00036.wav,C:\Users\SvenG\Documents\ANN_Final_03\data\genres\hiphop,hiphop
437,hiphop.00037.wav,C:\Users\SvenG\Documents\ANN_Final_03\data\genres\hiphop,hiphop
438,hiphop.00038.wav,C:\Users\SvenG\Documents\ANN_Final_03\data\genres\hiphop,hiphop
439,hiphop.00039.wav,C:\Users\SvenG\Documents\ANN_Final_03\data\genres\hiphop,hiphop
440,hiphop.00040.wav,C:\Users\SvenG\Documents\ANN_Final_03\data\genres\hiphop,hiphop
441,hiphop.00041.wav,C:\Users\SvenG\Documents\ANN_Final_03\data\genres\hiphop,hiphop
442,hiphop.00042.wav,C:\Users\SvenG\Documents\ANN_Final_03\data\genres\hiphop,hiphop
443,hiphop.00043.wav,C:\Users\SvenG\Documents\ANN_Final_03\data\genres\hiphop,hiphop
444,hiphop.00044.wav,C:\Users\SvenG\Documents\ANN_Final_03\data\genres\hiphop,hiphop
445,hiphop.00045.wav,C:\Users\SvenG\Documents\ANN_Final_03\data\genres\hiphop,hiphop
446,hiphop.00046.wav,C:\Users\SvenG\Documents\ANN_Final_03\data\genres\hiphop,hiphop
447,hiphop.00047.wav,C:\Users\SvenG\Documents\ANN_Final_03\data\genres\hiphop,hiphop
448,hiphop.00048.wav,C:\Users\SvenG\Documents\ANN_Final_03\data\genres\hiphop,hiphop
449,hiphop.00049.wav,C:\Users\SvenG\Documents\ANN_Final_03\data\genres\hiphop,hiphop
450,hiphop.00050.wav,C:\Users\SvenG\Documents\ANN_Final_03\data\genres\hiphop,hiphop
451,hiphop.00051.wav,C:\Users\SvenG\Documents\ANN_Final_03\data\genres\hiphop,hiphop
452,hiphop.00052.wav,C:\Users\SvenG\Documents\ANN_Final_03\data\genres\hiphop,hiphop
453,hiphop.00053.wav,C:\Users\SvenG\Documents\ANN_Final_03\data\genres\hiphop,hiphop
454,hiphop.00054.wav,C:\Users\SvenG\Documents\ANN_Final_03\data\genres\hiphop,hiphop
455,hiphop.00055.wav,C:\Users\SvenG\Documents\ANN_Final_03\data\genres\hiphop,hiphop
456,hiphop.00056.wav,C:\Users\SvenG\Documents\ANN_Final_03\data\genres\hiphop,hiphop
457,hiphop.00057.wav,C:\Users\SvenG\Documents\ANN_Final_03\data\genres\hiphop,hiphop
458,hiphop.00058.wav,C:\Users\SvenG\Documents\ANN_Final_03\data\genres\hiphop,hiphop
459,hiphop.00059.wav,C:\Users\SvenG\Documents\ANN_Final_03\data\genres\hiphop,hiphop
460,hiphop.00060.wav,C:\Users\SvenG\Documents\ANN_Final_03\data\genres\hiphop,hiphop
461,hiphop.00061.wav,C:\Users\SvenG\Documents\ANN_Final_03\data\genres\hiphop,hiphop
462,hiphop.00062.wav,C:\Users\SvenG\Documents\ANN_Final_03\data\genres\hiphop,hiphop
463,hiphop.00063.wav,C:\Users\SvenG\Documents\ANN_Final_03\data\genres\hiphop,hiphop
464,hiphop.00064.wav,C:\Users\SvenG\Documents\ANN_Final_03\data\genres\hiphop,hiphop
465,hiphop.00065.wav,C:\Users\SvenG\Documents\ANN_Final_03\data\genres\hiphop,hiphop
466,hiphop.00066.wav,C:\Users\SvenG\Documents\ANN_Final_03\data\genres\hiphop,hiphop
467,hiphop.00067.wav,C:\Users\SvenG\Documents\ANN_Final_03\data\genres\hiphop,hiphop
468,hiphop.00068.wav,C:\Users\SvenG\Documents\ANN_Final_03\data\genres\hiphop,hiphop
469,hiphop.00069.wav,C:\Users\SvenG\Documents\ANN_Final_03\data\genres\hiphop,hiphop
470,hiphop.00070.wav,C:\Users\SvenG\Documents\ANN_Final_03\data\genres\hiphop,hiphop
471,hiphop.00071.wav,C:\Users\SvenG\Documents\ANN_Final_03\data\genres\hiphop,hiphop
472,hiphop.00072.wav,C:\Users\SvenG\Documents\ANN_Final_03\data\genres\hiphop,hiphop
473,hiphop.00073.wav,C:\Users\SvenG\Documents\ANN_Final_03\data\genres\hiphop,hiphop
474,hiphop.00074.wav,C:\Users\SvenG\Documents\ANN_Final_03\data\genres\hiphop,hiphop
475,hiphop.00075.wav,C:\Users\SvenG\Documents\ANN_Final_03\data\genres\hiphop,hiphop
476,hiphop.00076.wav,C:\Users\SvenG\Documents\ANN_Final_03\data\genres\hiphop,hiphop
477,hiphop.00077.wav,C:\Users\SvenG\Documents\ANN_Final_03\data\genres\hiphop,hiphop
478,hiphop.00078.wav,C:\Users\SvenG\Documents\ANN_Final_03\data\genres\hiphop,hiphop
479,hiphop.00079.wav,C:\Users\SvenG\Documents\ANN_Final_03\data\genres\hiphop,hiphop
480,hiphop.00080.wav,C:\Users\SvenG\Documents\ANN_Final_03\data\genres\hiphop,hiphop
481,hiphop.00081.wav,C:\Users\SvenG\Documents\ANN_Final_03\data\genres\hiphop,hiphop
482,hiphop.00082.wav,C:\Users\SvenG\Documents\ANN_Final_03\data\genres\hiphop,hiphop
483,hiphop.00083.wav,C:\Users\SvenG\Documents\ANN_Final_03\data\genres\hiphop,hiphop
484,hiphop.00084.wav,C:\Users\SvenG\Documents\ANN_Final_03\data\genres\hiphop,hiphop
485,hiphop.00085.wav,C:\Users\SvenG\Documents\ANN_Final_03\data\genres\hiphop,hiphop
486,hiphop.00086.wav,C:\Users\SvenG\Documents\ANN_Final_03\data\genres\hiphop,hiphop
487,hiphop.00087.wav,C:\Users\SvenG\Documents\ANN_Final_03\data\genres\hiphop,hiphop
488,hiphop.00088.wav,C:\Users\SvenG\Documents\ANN_Final_03\data\genres\hiphop,hiphop
489,hiphop.00089.wav,C:\Users\SvenG\Documents\ANN_Final_03\data\genres\hiphop,hiphop
490,hiphop.00090.wav,C:\Users\SvenG\Documents\ANN_Final_03\data\genres\hiphop,hiphop
491,hiphop.00091.wav,C:\Users\SvenG\Documents\ANN_Final_03\data\genres\hiphop,hiphop
492,hiphop.00092.wav,C:\Users\SvenG\Documents\ANN_Final_03\data\genres\hiphop,hiphop
493,hiphop.00093.wav,C:\Users\SvenG\Documents\ANN_Final_03\data\genres\hiphop,hiphop
494,hiphop.00094.wav,C:\Users\SvenG\Documents\ANN_Final_03\data\genres\hiphop,hiphop
495,hiphop.00095.wav,C:\Users\SvenG\Documents\ANN_Final_03\data\genres\hiphop,hiphop
496,hiphop.00096.wav,C:\Users\SvenG\Documents\ANN_Final_03\data\genres\hiphop,hiphop
497,hiphop.00097.wav,C:\Users\SvenG\Documents\ANN_Final_03\data\genres\hiphop,hiphop
498,hiphop.00098.wav,C:\Users\SvenG\Documents\ANN_Final_03\data\genres\hiphop,hiphop
499,hiphop.00099.wav,C:\Users\SvenG\Documents\ANN_Final_03\data\genres\hiphop,hiphop
500,jazz.00000.wav,C:\Users\SvenG\Documents\ANN_Final_03\data\genres\jazz,jazz
501,jazz.00001.wav,C:\Users\SvenG\Documents\ANN_Final_03\data\genres\jazz,jazz
502,jazz.00002.wav,C:\Users\SvenG\Documents\ANN_Final_03\data\genres\jazz,jazz
503,jazz.00003.wav,C:\Users\SvenG\Documents\ANN_Final_03\data\genres\jazz,jazz
504,jazz.00004.wav,C:\Users\SvenG\Documents\ANN_Final_03\data\genres\jazz,jazz
505,jazz.00005.wav,C:\Users\SvenG\Documents\ANN_Final_03\data\genres\jazz,jazz
506,jazz.00006.wav,C:\Users\SvenG\Documents\ANN_Final_03\data\genres\jazz,jazz
507,jazz.00007.wav,C:\Users\SvenG\Documents\ANN_Final_03\data\genres\jazz,jazz
508,jazz.00008.wav,C:\Users\SvenG\Documents\ANN_Final_03\data\genres\jazz,jazz
509,jazz.00009.wav,C:\Users\SvenG\Documents\ANN_Final_03\data\genres\jazz,jazz
510,jazz.00010.wav,C:\Users\SvenG\Documents\ANN_Final_03\data\genres\jazz,jazz
511,jazz.00011.wav,C:\Users\SvenG\Documents\ANN_Final_03\data\genres\jazz,jazz
512,jazz.00012.wav,C:\Users\SvenG\Documents\ANN_Final_03\data\genres\jazz,jazz
513,jazz.00013.wav,C:\Users\SvenG\Documents\ANN_Final_03\data\genres\jazz,jazz
514,jazz.00014.wav,C:\Users\SvenG\Documents\ANN_Final_03\data\genres\jazz,jazz
515,jazz.00015.wav,C:\Users\SvenG\Documents\ANN_Final_03\data\genres\jazz,jazz
516,jazz.00016.wav,C:\Users\SvenG\Documents\ANN_Final_03\data\genres\jazz,jazz
517,jazz.00017.wav,C:\Users\SvenG\Documents\ANN_Final_03\data\genres\jazz,jazz
518,jazz.00018.wav,C:\Users\SvenG\Documents\ANN_Final_03\data\genres\jazz,jazz
519,jazz.00019.wav,C:\Users\SvenG\Documents\ANN_Final_03\data\genres\jazz,jazz
520,jazz.00020.wav,C:\Users\SvenG\Documents\ANN_Final_03\data\genres\jazz,jazz
521,jazz.00021.wav,C:\Users\SvenG\Documents\ANN_Final_03\data\genres\jazz,jazz
522,jazz.00022.wav,C:\Users\SvenG\Documents\ANN_Final_03\data\genres\jazz,jazz
523,jazz.00023.wav,C:\Users\SvenG\Documents\ANN_Final_03\data\genres\jazz,jazz
524,jazz.00024.wav,C:\Users\SvenG\Documents\ANN_Final_03\data\genres\jazz,jazz
525,jazz.00025.wav,C:\Users\SvenG\Documents\ANN_Final_03\data\genres\jazz,jazz
526,jazz.00026.wav,C:\Users\SvenG\Documents\ANN_Final_03\data\genres\jazz,jazz
527,jazz.00027.wav,C:\Users\SvenG\Documents\ANN_Final_03\data\genres\jazz,jazz
528,jazz.00028.wav,C:\Users\SvenG\Documents\ANN_Final_03\data\genres\jazz,jazz
529,jazz.00029.wav,C:\Users\SvenG\Documents\ANN_Final_03\data\genres\jazz,jazz
530,jazz.00030.wav,C:\Users\SvenG\Documents\ANN_Final_03\data\genres\jazz,jazz
531,jazz.00031.wav,C:\Users\SvenG\Documents\ANN_Final_03\data\genres\jazz,jazz
532,jazz.00032.wav,C:\Users\SvenG\Documents\ANN_Final_03\data\genres\jazz,jazz
533,jazz.00033.wav,C:\Users\SvenG\Documents\ANN_Final_03\data\genres\jazz,jazz
534,jazz.00034.wav,C:\Users\SvenG\Documents\ANN_Final_03\data\genres\jazz,jazz
535,jazz.00035.wav,C:\Users\SvenG\Documents\ANN_Final_03\data\genres\jazz,jazz
536,jazz.00036.wav,C:\Users\SvenG\Documents\ANN_Final_03\data\genres\jazz,jazz
537,jazz.00037.wav,C:\Users\SvenG\Documents\ANN_Final_03\data\genres\jazz,jazz
538,jazz.00038.wav,C:\Users\SvenG\Documents\ANN_Final_03\data\genres\jazz,jazz
539,jazz.00039.wav,C:\Users\SvenG\Documents\ANN_Final_03\data\genres\jazz,jazz
540,jazz.00040.wav,C:\Users\SvenG\Documents\ANN_Final_03\data\genres\jazz,jazz
541,jazz.00041.wav,C:\Users\SvenG\Documents\ANN_Final_03\data\genres\jazz,jazz
542,jazz.00042.wav,C:\Users\SvenG\Documents\ANN_Final_03\data\genres\jazz,jazz
543,jazz.00043.wav,C:\Users\SvenG\Documents\ANN_Final_03\data\genres\jazz,jazz
544,jazz.00044.wav,C:\Users\SvenG\Documents\ANN_Final_03\data\genres\jazz,jazz
545,jazz.00045.wav,C:\Users\SvenG\Documents\ANN_Final_03\data\genres\jazz,jazz
546,jazz.00046.wav,C:\Users\SvenG\Documents\ANN_Final_03\data\genres\jazz,jazz
547,jazz.00047.wav,C:\Users\SvenG\Documents\ANN_Final_03\data\genres\jazz,jazz
548,jazz.00048.wav,C:\Users\SvenG\Documents\ANN_Final_03\data\genres\jazz,jazz
549,jazz.00049.wav,C:\Users\SvenG\Documents\ANN_Final_03\data\genres\jazz,jazz
550,jazz.00050.wav,C:\Users\SvenG\Documents\ANN_Final_03\data\genres\jazz,jazz
551,jazz.00051.wav,C:\Users\SvenG\Documents\ANN_Final_03\data\genres\jazz,jazz
552,jazz.00052.wav,C:\Users\SvenG\Documents\ANN_Final_03\data\genres\jazz,jazz
553,jazz.00053.wav,C:\Users\SvenG\Documents\ANN_Final_03\data\genres\jazz,jazz
554,jazz.00054.wav,C:\Users\SvenG\Documents\ANN_Final_03\data\genres\jazz,jazz
555,jazz.00055.wav,C:\Users\SvenG\Documents\ANN_Final_03\data\genres\jazz,jazz
556,jazz.00056.wav,C:\Users\SvenG\Documents\ANN_Final_03\data\genres\jazz,jazz
557,jazz.00057.wav,C:\Users\SvenG\Documents\ANN_Final_03\data\genres\jazz,jazz
558,jazz.00058.wav,C:\Users\SvenG\Documents\ANN_Final_03\data\genres\jazz,jazz
559,jazz.00059.wav,C:\Users\SvenG\Documents\ANN_Final_03\data\genres\jazz,jazz
560,jazz.00060.wav,C:\Users\SvenG\Documents\ANN_Final_03\data\genres\jazz,jazz
561,jazz.00061.wav,C:\Users\SvenG\Documents\ANN_Final_03\data\genres\jazz,jazz
562,jazz.00062.wav,C:\Users\SvenG\Documents\ANN_Final_03\data\genres\jazz,jazz
563,jazz.00063.wav,C:\Users\SvenG\Documents\ANN_Final_03\data\genres\jazz,jazz
564,jazz.00064.wav,C:\Users\SvenG\Documents\ANN_Final_03\data\genres\jazz,jazz
565,jazz.00065.wav,C:\Users\SvenG\Documents\ANN_Final_03\data\genres\jazz,jazz
566,jazz.00066.wav,C:\Users\SvenG\Documents\ANN_Final_03\data\genres\jazz,jazz
567,jazz.00067.wav,C:\Users\SvenG\Documents\ANN_Final_03\data\genres\jazz,jazz
568,jazz.00068.wav,C:\Users\SvenG\Documents\ANN_Final_03\data\genres\jazz,jazz
569,jazz.00069.wav,C:\Users\SvenG\Documents\ANN_Final_03\data\genres\jazz,jazz
570,jazz.00070.wav,C:\Users\SvenG\Documents\ANN_Final_03\data\genres\jazz,jazz
571,jazz.00071.wav,C:\Users\SvenG\Documents\ANN_Final_03\data\genres\jazz,jazz
572,jazz.00072.wav,C:\Users\SvenG\Documents\ANN_Final_03\data\genres\jazz,jazz
573,jazz.00073.wav,C:\Users\SvenG\Documents\ANN_Final_03\data\genres\jazz,jazz
574,jazz.00074.wav,C:\Users\SvenG\Documents\ANN_Final_03\data\genres\jazz,jazz
575,jazz.00075.wav,C:\Users\SvenG\Documents\ANN_Final_03\data\genres\jazz,jazz
576,jazz.00076.wav,C:\Users\SvenG\Documents\ANN_Final_03\data\genres\jazz,jazz
577,jazz.00077.wav,C:\Users\SvenG\Documents\ANN_Final_03\data\genres\jazz,jazz
578,jazz.00078.wav,C:\Users\SvenG\Documents\ANN_Final_03\data\genres\jazz,jazz
579,jazz.00079.wav,C:\Users\SvenG\Documents\ANN_Final_03\data\genres\jazz,jazz
580,jazz.00080.wav,C:\Users\SvenG\Documents\ANN_Final_03\data\genres\jazz,jazz
581,jazz.00081.wav,C:\Users\SvenG\Documents\ANN_Final_03\data\genres\jazz,jazz
582,jazz.00082.wav,C:\Users\SvenG\Documents\ANN_Final_03\data\genres\jazz,jazz
583,jazz.00083.wav,C:\Users\SvenG\Documents\ANN_Final_03\data\genres\jazz,jazz
584,jazz.00084.wav,C:\Users\SvenG\Documents\ANN_Final_03\data\genres\jazz,jazz
585,jazz.00085.wav,C:\Users\SvenG\Documents\ANN_Final_03\data\genres\jazz,jazz
586,jazz.00086.wav,C:\Users\SvenG\Documents\ANN_Final_03\data\genres\jazz,jazz
587,jazz.00087.wav,C:\Users\SvenG\Documents\ANN_Final_03\data\genres\jazz,jazz
588,jazz.00088.wav,C:\Users\SvenG\Documents\ANN_Final_03\data\genres\jazz,jazz
589,jazz.00089.wav,C:\Users\SvenG\Documents\ANN_Final_03\data\genres\jazz,jazz
590,jazz.00090.wav,C:\Users\SvenG\Documents\ANN_Final_03\data\genres\jazz,jazz
591,jazz.00091.wav,C:\Users\SvenG\Documents\ANN_Final_03\data\genres\jazz,jazz
592,jazz.00092.wav,C:\Users\SvenG\Documents\ANN_Final_03\data\genres\jazz,jazz
593,jazz.00093.wav,C:\Users\SvenG\Documents\ANN_Final_03\data\genres\jazz,jazz
594,jazz.00094.wav,C:\Users\SvenG\Documents\ANN_Final_03\data\genres\jazz,jazz
595,jazz.00095.wav,C:\Users\SvenG\Documents\ANN_Final_03\data\genres\jazz,jazz
596,jazz.00096.wav,C:\Users\SvenG\Documents\ANN_Final_03\data\genres\jazz,jazz
597,jazz.00097.wav,C:\Users\SvenG\Documents\ANN_Final_03\data\genres\jazz,jazz
598,jazz.00098.wav,C:\Users\SvenG\Documents\ANN_Final_03\data\genres\jazz,jazz
599,jazz.00099.wav,C:\Users\SvenG\Documents\ANN_Final_03\data\genres\jazz,jazz
600,metal.00000.wav,C:\Users\SvenG\Documents\ANN_Final_03\data\genres\metal,metal
601,metal.00001.wav,C:\Users\SvenG\Documents\ANN_Final_03\data\genres\metal,metal
602,metal.00002.wav,C:\Users\SvenG\Documents\ANN_Final_03\data\genres\metal,metal
603,metal.00003.wav,C:\Users\SvenG\Documents\ANN_Final_03\data\genres\metal,metal
604,metal.00004.wav,C:\Users\SvenG\Documents\ANN_Final_03\data\genres\metal,metal
605,metal.00005.wav,C:\Users\SvenG\Documents\ANN_Final_03\data\genres\metal,metal
606,metal.00006.wav,C:\Users\SvenG\Documents\ANN_Final_03\data\genres\metal,metal
607,metal.00007.wav,C:\Users\SvenG\Documents\ANN_Final_03\data\genres\metal,metal
608,metal.00008.wav,C:\Users\SvenG\Documents\ANN_Final_03\data\genres\metal,metal
609,metal.00009.wav,C:\Users\SvenG\Documents\ANN_Final_03\data\genres\metal,metal
610,metal.00010.wav,C:\Users\SvenG\Documents\ANN_Final_03\data\genres\metal,metal
611,metal.00011.wav,C:\Users\SvenG\Documents\ANN_Final_03\data\genres\metal,metal
612,metal.00012.wav,C:\Users\SvenG\Documents\ANN_Final_03\data\genres\metal,metal
613,metal.00013.wav,C:\Users\SvenG\Documents\ANN_Final_03\data\genres\metal,metal
614,metal.00014.wav,C:\Users\SvenG\Documents\ANN_Final_03\data\genres\metal,metal
615,metal.00015.wav,C:\Users\SvenG\Documents\ANN_Final_03\data\genres\metal,metal
616,metal.00016.wav,C:\Users\SvenG\Documents\ANN_Final_03\data\genres\metal,metal
617,metal.00017.wav,C:\Users\SvenG\Documents\ANN_Final_03\data\genres\metal,metal
618,metal.00018.wav,C:\Users\SvenG\Documents\ANN_Final_03\data\genres\metal,metal
619,metal.00019.wav,C:\Users\SvenG\Documents\ANN_Final_03\data\genres\metal,metal
620,metal.00020.wav,C:\Users\SvenG\Documents\ANN_Final_03\data\genres\metal,metal
621,metal.00021.wav,C:\Users\SvenG\Documents\ANN_Final_03\data\genres\metal,metal
622,metal.00022.wav,C:\Users\SvenG\Documents\ANN_Final_03\data\genres\metal,metal
623,metal.00023.wav,C:\Users\SvenG\Documents\ANN_Final_03\data\genres\metal,metal
624,metal.00024.wav,C:\Users\SvenG\Documents\ANN_Final_03\data\genres\metal,metal
625,metal.00025.wav,C:\Users\SvenG\Documents\ANN_Final_03\data\genres\metal,metal
626,metal.00026.wav,C:\Users\SvenG\Documents\ANN_Final_03\data\genres\metal,metal
627,metal.00027.wav,C:\Users\SvenG\Documents\ANN_Final_03\data\genres\metal,metal
628,metal.00028.wav,C:\Users\SvenG\Documents\ANN_Final_03\data\genres\metal,metal
629,metal.00029.wav,C:\Users\SvenG\Documents\ANN_Final_03\data\genres\metal,metal
630,metal.00030.wav,C:\Users\SvenG\Documents\ANN_Final_03\data\genres\metal,metal
631,metal.00031.wav,C:\Users\SvenG\Documents\ANN_Final_03\data\genres\metal,metal
632,metal.00032.wav,C:\Users\SvenG\Documents\ANN_Final_03\data\genres\metal,metal
633,metal.00033.wav,C:\Users\SvenG\Documents\ANN_Final_03\data\genres\metal,metal
634,metal.00034.wav,C:\Users\SvenG\Documents\ANN_Final_03\data\genres\metal,metal
635,metal.00035.wav,C:\Users\SvenG\Documents\ANN_Final_03\data\genres\metal,metal
636,metal.00036.wav,C:\Users\SvenG\Documents\ANN_Final_03\data\genres\metal,metal
637,metal.00037.wav,C:\Users\SvenG\Documents\ANN_Final_03\data\genres\metal,metal
638,metal.00038.wav,C:\Users\SvenG\Documents\ANN_Final_03\data\genres\metal,metal
639,metal.00039.wav,C:\Users\SvenG\Documents\ANN_Final_03\data\genres\metal,metal
640,metal.00040.wav,C:\Users\SvenG\Documents\ANN_Final_03\data\genres\metal,metal
641,metal.00041.wav,C:\Users\SvenG\Documents\ANN_Final_03\data\genres\metal,metal
642,metal.00042.wav,C:\Users\SvenG\Documents\ANN_Final_03\data\genres\metal,metal
643,metal.00043.wav,C:\Users\SvenG\Documents\ANN_Final_03\data\genres\metal,metal
644,metal.00044.wav,C:\Users\SvenG\Documents\ANN_Final_03\data\genres\metal,metal
645,metal.00045.wav,C:\Users\SvenG\Documents\ANN_Final_03\data\genres\metal,metal
646,metal.00046.wav,C:\Users\SvenG\Documents\ANN_Final_03\data\genres\metal,metal
647,metal.00047.wav,C:\Users\SvenG\Documents\ANN_Final_03\data\genres\metal,metal
648,metal.00048.wav,C:\Users\SvenG\Documents\ANN_Final_03\data\genres\metal,metal
649,metal.00049.wav,C:\Users\SvenG\Documents\ANN_Final_03\data\genres\metal,metal
650,metal.00050.wav,C:\Users\SvenG\Documents\ANN_Final_03\data\genres\metal,metal
651,metal.00051.wav,C:\Users\SvenG\Documents\ANN_Final_03\data\genres\metal,metal
652,metal.00052.wav,C:\Users\SvenG\Documents\ANN_Final_03\data\genres\metal,metal
653,metal.00053.wav,C:\Users\SvenG\Documents\ANN_Final_03\data\genres\metal,metal
654,metal.00054.wav,C:\Users\SvenG\Documents\ANN_Final_03\data\genres\metal,metal
655,metal.00055.wav,C:\Users\SvenG\Documents\ANN_Final_03\data\genres\metal,metal
656,metal.00056.wav,C:\Users\SvenG\Documents\ANN_Final_03\data\genres\metal,metal
657,metal.00057.wav,C:\Users\SvenG\Documents\ANN_Final_03\data\genres\metal,metal
658,metal.00058.wav,C:\Users\SvenG\Documents\ANN_Final_03\data\genres\metal,metal
659,metal.00059.wav,C:\Users\SvenG\Documents\ANN_Final_03\data\genres\metal,metal
660,metal.00060.wav,C:\Users\SvenG\Documents\ANN_Final_03\data\genres\metal,metal
661,metal.00061.wav,C:\Users\SvenG\Documents\ANN_Final_03\data\genres\metal,metal
662,metal.00062.wav,C:\Users\SvenG\Documents\ANN_Final_03\data\genres\metal,metal
663,metal.00063.wav,C:\Users\SvenG\Documents\ANN_Final_03\data\genres\metal,metal
664,metal.00064.wav,C:\Users\SvenG\Documents\ANN_Final_03\data\genres\metal,metal
665,metal.00065.wav,C:\Users\SvenG\Documents\ANN_Final_03\data\genres\metal,metal
666,metal.00066.wav,C:\Users\SvenG\Documents\ANN_Final_03\data\genres\metal,metal
667,metal.00067.wav,C:\Users\SvenG\Documents\ANN_Final_03\data\genres\metal,metal
668,metal.00068.wav,C:\Users\SvenG\Documents\ANN_Final_03\data\genres\metal,metal
669,metal.00069.wav,C:\Users\SvenG\Documents\ANN_Final_03\data\genres\metal,metal
670,metal.00070.wav,C:\Users\SvenG\Documents\ANN_Final_03\data\genres\metal,metal
671,metal.00071.wav,C:\Users\SvenG\Documents\ANN_Final_03\data\genres\metal,metal
672,metal.00072.wav,C:\Users\SvenG\Documents\ANN_Final_03\data\genres\metal,metal
673,metal.00073.wav,C:\Users\SvenG\Documents\ANN_Final_03\data\genres\metal,metal
674,metal.00074.wav,C:\Users\SvenG\Documents\ANN_Final_03\data\genres\metal,metal
675,metal.00075.wav,C:\Users\SvenG\Documents\ANN_Final_03\data\genres\metal,metal
676,metal.00076.wav,C:\Users\SvenG\Documents\ANN_Final_03\data\genres\metal,metal
677,metal.00077.wav,C:\Users\SvenG\Documents\ANN_Final_03\data\genres\metal,metal
678,metal.00078.wav,C:\Users\SvenG\Documents\ANN_Final_03\data\genres\metal,metal
679,metal.00079.wav,C:\Users\SvenG\Documents\ANN_Final_03\data\genres\metal,metal
680,metal.00080.wav,C:\Users\SvenG\Documents\ANN_Final_03\data\genres\metal,metal
681,metal.00081.wav,C:\Users\SvenG\Documents\ANN_Final_03\data\genres\metal,metal
682,metal.00082.wav,C:\Users\SvenG\Documents\ANN_Final_03\data\genres\metal,metal
683,metal.00083.wav,C:\Users\SvenG\Documents\ANN_Final_03\data\genres\metal,metal
684,metal.00084.wav,C:\Users\SvenG\Documents\ANN_Final_03\data\genres\metal,metal
685,metal.00085.wav,C:\Users\SvenG\Documents\ANN_Final_03\data\genres\metal,metal
686,metal.00086.wav,C:\Users\SvenG\Documents\ANN_Final_03\data\genres\metal,metal
687,metal.00087.wav,C:\Users\SvenG\Documents\ANN_Final_03\data\genres\metal,metal
688,metal.00088.wav,C:\Users\SvenG\Documents\ANN_Final_03\data\genres\metal,metal
689,metal.00089.wav,C:\Users\SvenG\Documents\ANN_Final_03\data\genres\metal,metal
690,metal.00090.wav,C:\Users\SvenG\Documents\ANN_Final_03\data\genres\metal,metal
691,metal.00091.wav,C:\Users\SvenG\Documents\ANN_Final_03\data\genres\metal,metal
692,metal.00092.wav,C:\Users\SvenG\Documents\ANN_Final_03\data\genres\metal,metal
693,metal.00093.wav,C:\Users\SvenG\Documents\ANN_Final_03\data\genres\metal,metal
694,metal.00094.wav,C:\Users\SvenG\Documents\ANN_Final_03\data\genres\metal,metal
695,metal.00095.wav,C:\Users\SvenG\Documents\ANN_Final_03\data\genres\metal,metal
696,metal.00096.wav,C:\Users\SvenG\Documents\ANN_Final_03\data\genres\metal,metal
697,metal.00097.wav,C:\Users\SvenG\Documents\ANN_Final_03\data\genres\metal,metal
698,metal.00098.wav,C:\Users\SvenG\Documents\ANN_Final_03\data\genres\metal,metal
699,metal.00099.wav,C:\Users\SvenG\Documents\ANN_Final_03\data\genres\metal,metal
700,pop.00000.wav,C:\Users\SvenG\Documents\ANN_Final_03\data\genres\pop,pop
701,pop.00001.wav,C:\Users\SvenG\Documents\ANN_Final_03\data\genres\pop,pop
702,pop.00002.wav,C:\Users\SvenG\Documents\ANN_Final_03\data\genres\pop,pop
703,pop.00003.wav,C:\Users\SvenG\Documents\ANN_Final_03\data\genres\pop,pop
704,pop.00004.wav,C:\Users\SvenG\Documents\ANN_Final_03\data\genres\pop,pop
705,pop.00005.wav,C:\Users\SvenG\Documents\ANN_Final_03\data\genres\pop,pop
706,pop.00006.wav,C:\Users\SvenG\Documents\ANN_Final_03\data\genres\pop,pop
707,pop.00007.wav,C:\Users\SvenG\Documents\ANN_Final_03\data\genres\pop,pop
708,pop.00008.wav,C:\Users\SvenG\Documents\ANN_Final_03\data\genres\pop,pop
709,pop.00009.wav,C:\Users\SvenG\Documents\ANN_Final_03\data\genres\pop,pop
710,pop.00010.wav,C:\Users\SvenG\Documents\ANN_Final_03\data\genres\pop,pop
711,pop.00011.wav,C:\Users\SvenG\Documents\ANN_Final_03\data\genres\pop,pop
712,pop.00012.wav,C:\Users\SvenG\Documents\ANN_Final_03\data\genres\pop,pop
713,pop.00013.wav,C:\Users\SvenG\Documents\ANN_Final_03\data\genres\pop,pop
714,pop.00014.wav,C:\Users\SvenG\Documents\ANN_Final_03\data\genres\pop,pop
715,pop.00015.wav,C:\Users\SvenG\Documents\ANN_Final_03\data\genres\pop,pop
716,pop.00016.wav,C:\Users\SvenG\Documents\ANN_Final_03\data\genres\pop,pop
717,pop.00017.wav,C:\Users\SvenG\Documents\ANN_Final_03\data\genres\pop,pop
718,pop.00018.wav,C:\Users\SvenG\Documents\ANN_Final_03\data\genres\pop,pop
719,pop.00019.wav,C:\Users\SvenG\Documents\ANN_Final_03\data\genres\pop,pop
720,pop.00020.wav,C:\Users\SvenG\Documents\ANN_Final_03\data\genres\pop,pop
721,pop.00021.wav,C:\Users\SvenG\Documents\ANN_Final_03\data\genres\pop,pop
722,pop.00022.wav,C:\Users\SvenG\Documents\ANN_Final_03\data\genres\pop,pop
723,pop.00023.wav,C:\Users\SvenG\Documents\ANN_Final_03\data\genres\pop,pop
724,pop.00024.wav,C:\Users\SvenG\Documents\ANN_Final_03\data\genres\pop,pop
725,pop.00025.wav,C:\Users\SvenG\Documents\ANN_Final_03\data\genres\pop,pop
726,pop.00026.wav,C:\Users\SvenG\Documents\ANN_Final_03\data\genres\pop,pop
727,pop.00027.wav,C:\Users\SvenG\Documents\ANN_Final_03\data\genres\pop,pop
728,pop.00028.wav,C:\Users\SvenG\Documents\ANN_Final_03\data\genres\pop,pop
729,pop.00029.wav,C:\Users\SvenG\Documents\ANN_Final_03\data\genres\pop,pop
730,pop.00030.wav,C:\Users\SvenG\Documents\ANN_Final_03\data\genres\pop,pop
731,pop.00031.wav,C:\Users\SvenG\Documents\ANN_Final_03\data\genres\pop,pop
732,pop.00032.wav,C:\Users\SvenG\Documents\ANN_Final_03\data\genres\pop,pop
733,pop.00033.wav,C:\Users\SvenG\Documents\ANN_Final_03\data\genres\pop,pop
734,pop.00034.wav,C:\Users\SvenG\Documents\ANN_Final_03\data\genres\pop,pop
735,pop.00035.wav,C:\Users\SvenG\Documents\ANN_Final_03\data\genres\pop,pop
736,pop.00036.wav,C:\Users\SvenG\Documents\ANN_Final_03\data\genres\pop,pop
737,pop.00037.wav,C:\Users\SvenG\Documents\ANN_Final_03\data\genres\pop,pop
738,pop.00038.wav,C:\Users\SvenG\Documents\ANN_Final_03\data\genres\pop,pop
739,pop.00039.wav,C:\Users\SvenG\Documents\ANN_Final_03\data\genres\pop,pop
740,pop.00040.wav,C:\Users\SvenG\Documents\ANN_Final_03\data\genres\pop,pop
741,pop.00041.wav,C:\Users\SvenG\Documents\ANN_Final_03\data\genres\pop,pop
742,pop.00042.wav,C:\Users\SvenG\Documents\ANN_Final_03\data\genres\pop,pop
743,pop.00043.wav,C:\Users\SvenG\Documents\ANN_Final_03\data\genres\pop,pop
744,pop.00044.wav,C:\Users\SvenG\Documents\ANN_Final_03\data\genres\pop,pop
745,pop.00045.wav,C:\Users\SvenG\Documents\ANN_Final_03\data\genres\pop,pop
746,pop.00046.wav,C:\Users\SvenG\Documents\ANN_Final_03\data\genres\pop,pop
747,pop.00047.wav,C:\Users\SvenG\Documents\ANN_Final_03\data\genres\pop,pop
748,pop.00048.wav,C:\Users\SvenG\Documents\ANN_Final_03\data\genres\pop,pop
749,pop.00049.wav,C:\Users\SvenG\Documents\ANN_Final_03\data\genres\pop,pop
750,pop.00050.wav,C:\Users\SvenG\Documents\ANN_Final_03\data\genres\pop,pop
751,pop.00051.wav,C:\Users\SvenG\Documents\ANN_Final_03\data\genres\pop,pop
752,pop.00052.wav,C:\Users\SvenG\Documents\ANN_Final_03\data\genres\pop,pop
753,pop.00053.wav,C:\Users\SvenG\Documents\ANN_Final_03\data\genres\pop,pop
754,pop.00054.wav,C:\Users\SvenG\Documents\ANN_Final_03\data\genres\pop,pop
755,pop.00055.wav,C:\Users\SvenG\Documents\ANN_Final_03\data\genres\pop,pop
756,pop.00056.wav,C:\Users\SvenG\Documents\ANN_Final_03\data\genres\pop,pop
757,pop.00057.wav,C:\Users\SvenG\Documents\ANN_Final_03\data\genres\pop,pop
758,pop.00058.wav,C:\Users\SvenG\Documents\ANN_Final_03\data\genres\pop,pop
759,pop.00059.wav,C:\Users\SvenG\Documents\ANN_Final_03\data\genres\pop,pop
760,pop.00060.wav,C:\Users\SvenG\Documents\ANN_Final_03\data\genres\pop,pop
761,pop.00061.wav,C:\Users\SvenG\Documents\ANN_Final_03\data\genres\pop,pop
762,pop.00062.wav,C:\Users\SvenG\Documents\ANN_Final_03\data\genres\pop,pop
763,pop.00063.wav,C:\Users\SvenG\Documents\ANN_Final_03\data\genres\pop,pop
764,pop.00064.wav,C:\Users\SvenG\Documents\ANN_Final_03\data\genres\pop,pop
765,pop.00065.wav,C:\Users\SvenG\Documents\ANN_Final_03\data\genres\pop,pop
766,pop.00066.wav,C:\Users\SvenG\Documents\ANN_Final_03\data\genres\pop,pop
767,pop.00067.wav,C:\Users\SvenG\Documents\ANN_Final_03\data\genres\pop,pop
768,pop.00068.wav,C:\Users\SvenG\Documents\ANN_Final_03\data\genres\pop,pop
769,pop.00069.wav,C:\Users\SvenG\Documents\ANN_Final_03\data\genres\pop,pop
770,pop.00070.wav,C:\Users\SvenG\Documents\ANN_Final_03\data\genres\pop,pop
771,pop.00071.wav,C:\Users\SvenG\Documents\ANN_Final_03\data\genres\pop,pop
772,pop.00072.wav,C:\Users\SvenG\Documents\ANN_Final_03\data\genres\pop,pop
773,pop.00073.wav,C:\Users\SvenG\Documents\ANN_Final_03\data\genres\pop,pop
774,pop.00074.wav,C:\Users\SvenG\Documents\ANN_Final_03\data\genres\pop,pop
775,pop.00075.wav,C:\Users\SvenG\Documents\ANN_Final_03\data\genres\pop,pop
776,pop.00076.wav,C:\Users\SvenG\Documents\ANN_Final_03\data\genres\pop,pop
777,pop.00077.wav,C:\Users\SvenG\Documents\ANN_Final_03\data\genres\pop,pop
778,pop.00078.wav,C:\Users\SvenG\Documents\ANN_Final_03\data\genres\pop,pop
779,pop.00079.wav,C:\Users\SvenG\Documents\ANN_Final_03\data\genres\pop,pop
780,pop.00080.wav,C:\Users\SvenG\Documents\ANN_Final_03\data\genres\pop,pop
781,pop.00081.wav,C:\Users\SvenG\Documents\ANN_Final_03\data\genres\pop,pop
782,pop.00082.wav,C:\Users\SvenG\Documents\ANN_Final_03\data\genres\pop,pop
783,pop.00083.wav,C:\Users\SvenG\Documents\ANN_Final_03\data\genres\pop,pop
784,pop.00084.wav,C:\Users\SvenG\Documents\ANN_Final_03\data\genres\pop,pop
785,pop.00085.wav,C:\Users\SvenG\Documents\ANN_Final_03\data\genres\pop,pop
786,pop.00086.wav,C:\Users\SvenG\Documents\ANN_Final_03\data\genres\pop,pop
787,pop.00087.wav,C:\Users\SvenG\Documents\ANN_Final_03\data\genres\pop,pop
788,pop.00088.wav,C:\Users\SvenG\Documents\ANN_Final_03\data\genres\pop,pop
789,pop.00089.wav,C:\Users\SvenG\Documents\ANN_Final_03\data\genres\pop,pop
790,pop.00090.wav,C:\Users\SvenG\Documents\ANN_Final_03\data\genres\pop,pop
791,pop.00091.wav,C:\Users\SvenG\Documents\ANN_Final_03\data\genres\pop,pop
792,pop.00092.wav,C:\Users\SvenG\Documents\ANN_Final_03\data\genres\pop,pop
793,pop.00093.wav,C:\Users\SvenG\Documents\ANN_Final_03\data\genres\pop,pop
794,pop.00094.wav,C:\Users\SvenG\Documents\ANN_Final_03\data\genres\pop,pop
795,pop.00095.wav,C:\Users\SvenG\Documents\ANN_Final_03\data\genres\pop,pop
796,pop.00096.wav,C:\Users\SvenG\Documents\ANN_Final_03\data\genres\pop,pop
797,pop.00097.wav,C:\Users\SvenG\Documents\ANN_Final_03\data\genres\pop,pop
798,pop.00098.wav,C:\Users\SvenG\Documents\ANN_Final_03\data\genres\pop,pop
799,pop.00099.wav,C:\Users\SvenG\Documents\ANN_Final_03\data\genres\pop,pop
800,reggae.00000.wav,C:\Users\SvenG\Documents\ANN_Final_03\data\genres\reggae,reggae
801,reggae.00001.wav,C:\Users\SvenG\Documents\ANN_Final_03\data\genres\reggae,reggae
802,reggae.00002.wav,C:\Users\SvenG\Documents\ANN_Final_03\data\genres\reggae,reggae
803,reggae.00003.wav,C:\Users\SvenG\Documents\ANN_Final_03\data\genres\reggae,reggae
804,reggae.00004.wav,C:\Users\SvenG\Documents\ANN_Final_03\data\genres\reggae,reggae
805,reggae.00005.wav,C:\Users\SvenG\Documents\ANN_Final_03\data\genres\reggae,reggae
806,reggae.00006.wav,C:\Users\SvenG\Documents\ANN_Final_03\data\genres\reggae,reggae
807,reggae.00007.wav,C:\Users\SvenG\Documents\ANN_Final_03\data\genres\reggae,reggae
808,reggae.00008.wav,C:\Users\SvenG\Documents\ANN_Final_03\data\genres\reggae,reggae
809,reggae.00009.wav,C:\Users\SvenG\Documents\ANN_Final_03\data\genres\reggae,reggae
810,reggae.00010.wav,C:\Users\SvenG\Documents\ANN_Final_03\data\genres\reggae,reggae
811,reggae.00011.wav,C:\Users\SvenG\Documents\ANN_Final_03\data\genres\reggae,reggae
812,reggae.00012.wav,C:\Users\SvenG\Documents\ANN_Final_03\data\genres\reggae,reggae
813,reggae.00013.wav,C:\Users\SvenG\Documents\ANN_Final_03\data\genres\reggae,reggae
814,reggae.00014.wav,C:\Users\SvenG\Documents\ANN_Final_03\data\genres\reggae,reggae
815,reggae.00015.wav,C:\Users\SvenG\Documents\ANN_Final_03\data\genres\reggae,reggae
816,reggae.00016.wav,C:\Users\SvenG\Documents\ANN_Final_03\data\genres\reggae,reggae
817,reggae.00017.wav,C:\Users\SvenG\Documents\ANN_Final_03\data\genres\reggae,reggae
818,reggae.00018.wav,C:\Users\SvenG\Documents\ANN_Final_03\data\genres\reggae,reggae
819,reggae.00019.wav,C:\Users\SvenG\Documents\ANN_Final_03\data\genres\reggae,reggae
820,reggae.00020.wav,C:\Users\SvenG\Documents\ANN_Final_03\data\genres\reggae,reggae
821,reggae.00021.wav,C:\Users\SvenG\Documents\ANN_Final_03\data\genres\reggae,reggae
822,reggae.00022.wav,C:\Users\SvenG\Documents\ANN_Final_03\data\genres\reggae,reggae
823,reggae.00023.wav,C:\Users\SvenG\Documents\ANN_Final_03\data\genres\reggae,reggae
824,reggae.00024.wav,C:\Users\SvenG\Documents\ANN_Final_03\data\genres\reggae,reggae
825,reggae.00025.wav,C:\Users\SvenG\Documents\ANN_Final_03\data\genres\reggae,reggae
826,reggae.00026.wav,C:\Users\SvenG\Documents\ANN_Final_03\data\genres\reggae,reggae
827,reggae.00027.wav,C:\Users\SvenG\Documents\ANN_Final_03\data\genres\reggae,reggae
828,reggae.00028.wav,C:\Users\SvenG\Documents\ANN_Final_03\data\genres\reggae,reggae
829,reggae.00029.wav,C:\Users\SvenG\Documents\ANN_Final_03\data\genres\reggae,reggae
830,reggae.00030.wav,C:\Users\SvenG\Documents\ANN_Final_03\data\genres\reggae,reggae
831,reggae.00031.wav,C:\Users\SvenG\Documents\ANN_Final_03\data\genres\reggae,reggae
832,reggae.00032.wav,C:\Users\SvenG\Documents\ANN_Final_03\data\genres\reggae,reggae
833,reggae.00033.wav,C:\Users\SvenG\Documents\ANN_Final_03\data\genres\reggae,reggae
834,reggae.00034.wav,C:\Users\SvenG\Documents\ANN_Final_03\data\genres\reggae,reggae
835,reggae.00035.wav,C:\Users\SvenG\Documents\ANN_Final_03\data\genres\reggae,reggae
836,reggae.00036.wav,C:\Users\SvenG\Documents\ANN_Final_03\data\genres\reggae,reggae
837,reggae.00037.wav,C:\Users\SvenG\Documents\ANN_Final_03\data\genres\reggae,reggae
838,reggae.00038.wav,C:\Users\SvenG\Documents\ANN_Final_03\data\genres\reggae,reggae
839,reggae.00039.wav,C:\Users\SvenG\Documents\ANN_Final_03\data\genres\reggae,reggae
840,reggae.00040.wav,C:\Users\SvenG\Documents\ANN_Final_03\data\genres\reggae,reggae
841,reggae.00041.wav,C:\Users\SvenG\Documents\ANN_Final_03\data\genres\reggae,reggae
842,reggae.00042.wav,C:\Users\SvenG\Documents\ANN_Final_03\data\genres\reggae,reggae
843,reggae.00043.wav,C:\Users\SvenG\Documents\ANN_Final_03\data\genres\reggae,reggae
844,reggae.00044.wav,C:\Users\SvenG\Documents\ANN_Final_03\data\genres\reggae,reggae
845,reggae.00045.wav,C:\Users\SvenG\Documents\ANN_Final_03\data\genres\reggae,reggae
846,reggae.00046.wav,C:\Users\SvenG\Documents\ANN_Final_03\data\genres\reggae,reggae
847,reggae.00047.wav,C:\Users\SvenG\Documents\ANN_Final_03\data\genres\reggae,reggae
848,reggae.00048.wav,C:\Users\SvenG\Documents\ANN_Final_03\data\genres\reggae,reggae
849,reggae.00049.wav,C:\Users\SvenG\Documents\ANN_Final_03\data\genres\reggae,reggae
850,reggae.00050.wav,C:\Users\SvenG\Documents\ANN_Final_03\data\genres\reggae,reggae
851,reggae.00051.wav,C:\Users\SvenG\Documents\ANN_Final_03\data\genres\reggae,reggae
852,reggae.00052.wav,C:\Users\SvenG\Documents\ANN_Final_03\data\genres\reggae,reggae
853,reggae.00053.wav,C:\Users\SvenG\Documents\ANN_Final_03\data\genres\reggae,reggae
854,reggae.00054.wav,C:\Users\SvenG\Documents\ANN_Final_03\data\genres\reggae,reggae
855,reggae.00055.wav,C:\Users\SvenG\Documents\ANN_Final_03\data\genres\reggae,reggae
856,reggae.00056.wav,C:\Users\SvenG\Documents\ANN_Final_03\data\genres\reggae,reggae
857,reggae.00057.wav,C:\Users\SvenG\Documents\ANN_Final_03\data\genres\reggae,reggae
858,reggae.00058.wav,C:\Users\SvenG\Documents\ANN_Final_03\data\genres\reggae,reggae
859,reggae.00059.wav,C:\Users\SvenG\Documents\ANN_Final_03\data\genres\reggae,reggae
860,reggae.00060.wav,C:\Users\SvenG\Documents\ANN_Final_03\data\genres\reggae,reggae
861,reggae.00061.wav,C:\Users\SvenG\Documents\ANN_Final_03\data\genres\reggae,reggae
862,reggae.00062.wav,C:\Users\SvenG\Documents\ANN_Final_03\data\genres\reggae,reggae
863,reggae.00063.wav,C:\Users\SvenG\Documents\ANN_Final_03\data\genres\reggae,reggae
864,reggae.00064.wav,C:\Users\SvenG\Documents\ANN_Final_03\data\genres\reggae,reggae
865,reggae.00065.wav,C:\Users\SvenG\Documents\ANN_Final_03\data\genres\reggae,reggae
866,reggae.00066.wav,C:\Users\SvenG\Documents\ANN_Final_03\data\genres\reggae,reggae
867,reggae.00067.wav,C:\Users\SvenG\Documents\ANN_Final_03\data\genres\reggae,reggae
868,reggae.00068.wav,C:\Users\SvenG\Documents\ANN_Final_03\data\genres\reggae,reggae
869,reggae.00069.wav,C:\Users\SvenG\Documents\ANN_Final_03\data\genres\reggae,reggae
870,reggae.00070.wav,C:\Users\SvenG\Documents\ANN_Final_03\data\genres\reggae,reggae
871,reggae.00071.wav,C:\Users\SvenG\Documents\ANN_Final_03\data\genres\reggae,reggae
872,reggae.00072.wav,C:\Users\SvenG\Documents\ANN_Final_03\data\genres\reggae,reggae
873,reggae.00073.wav,C:\Users\SvenG\Documents\ANN_Final_03\data\genres\reggae,reggae
874,reggae.00074.wav,C:\Users\SvenG\Documents\ANN_Final_03\data\genres\reggae,reggae
875,reggae.00075.wav,C:\Users\SvenG\Documents\ANN_Final_03\data\genres\reggae,reggae
876,reggae.00076.wav,C:\Users\SvenG\Documents\ANN_Final_03\data\genres\reggae,reggae
877,reggae.00077.wav,C:\Users\SvenG\Documents\ANN_Final_03\data\genres\reggae,reggae
878,reggae.00078.wav,C:\Users\SvenG\Documents\ANN_Final_03\data\genres\reggae,reggae
879,reggae.00079.wav,C:\Users\SvenG\Documents\ANN_Final_03\data\genres\reggae,reggae
880,reggae.00080.wav,C:\Users\SvenG\Documents\ANN_Final_03\data\genres\reggae,reggae
881,reggae.00081.wav,C:\Users\SvenG\Documents\ANN_Final_03\data\genres\reggae,reggae
882,reggae.00082.wav,C:\Users\SvenG\Documents\ANN_Final_03\data\genres\reggae,reggae
883,reggae.00083.wav,C:\Users\SvenG\Documents\ANN_Final_03\data\genres\reggae,reggae
884,reggae.00084.wav,C:\Users\SvenG\Documents\ANN_Final_03\data\genres\reggae,reggae
885,reggae.00085.wav,C:\Users\SvenG\Documents\ANN_Final_03\data\genres\reggae,reggae
886,reggae.00086.wav,C:\Users\SvenG\Documents\ANN_Final_03\data\genres\reggae,reggae
887,reggae.00087.wav,C:\Users\SvenG\Documents\ANN_Final_03\data\genres\reggae,reggae
888,reggae.00088.wav,C:\Users\SvenG\Documents\ANN_Final_03\data\genres\reggae,reggae
889,reggae.00089.wav,C:\Users\SvenG\Documents\ANN_Final_03\data\genres\reggae,reggae
890,reggae.00090.wav,C:\Users\SvenG\Documents\ANN_Final_03\data\genres\reggae,reggae
891,reggae.00091.wav,C:\Users\SvenG\Documents\ANN_Final_03\data\genres\reggae,reggae
892,reggae.00092.wav,C:\Users\SvenG\Documents\ANN_Final_03\data\genres\reggae,reggae
893,reggae.00093.wav,C:\Users\SvenG\Documents\ANN_Final_03\data\genres\reggae,reggae
894,reggae.00094.wav,C:\Users\SvenG\Documents\ANN_Final_03\data\genres\reggae,reggae
895,reggae.00095.wav,C:\Users\SvenG\Documents\ANN_Final_03\data\genres\reggae,reggae
896,reggae.00096.wav,C:\Users\SvenG\Documents\ANN_Final_03\data\genres\reggae,reggae
897,reggae.00097.wav,C:\Users\SvenG\Documents\ANN_Final_03\data\genres\reggae,reggae
898,reggae.00098.wav,C:\Users\SvenG\Documents\ANN_Final_03\data\genres\reggae,reggae
899,reggae.00099.wav,C:\Users\SvenG\Documents\ANN_Final_03\data\genres\reggae,reggae
900,rock.00000.wav,C:\Users\SvenG\Documents\ANN_Final_03\data\genres\rock,rock
901,rock.00001.wav,C:\Users\SvenG\Documents\ANN_Final_03\data\genres\rock,rock
902,rock.00002.wav,C:\Users\SvenG\Documents\ANN_Final_03\data\genres\rock,rock
903,rock.00003.wav,C:\Users\SvenG\Documents\ANN_Final_03\data\genres\rock,rock
904,rock.00004.wav,C:\Users\SvenG\Documents\ANN_Final_03\data\genres\rock,rock
905,rock.00005.wav,C:\Users\SvenG\Documents\ANN_Final_03\data\genres\rock,rock
906,rock.00006.wav,C:\Users\SvenG\Documents\ANN_Final_03\data\genres\rock,rock
907,rock.00007.wav,C:\Users\SvenG\Documents\ANN_Final_03\data\genres\rock,rock
908,rock.00008.wav,C:\Users\SvenG\Documents\ANN_Final_03\data\genres\rock,rock
909,rock.00009.wav,C:\Users\SvenG\Documents\ANN_Final_03\data\genres\rock,rock
910,rock.00010.wav,C:\Users\SvenG\Documents\ANN_Final_03\data\genres\rock,rock
911,rock.00011.wav,C:\Users\SvenG\Documents\ANN_Final_03\data\genres\rock,rock
912,rock.00012.wav,C:\Users\SvenG\Documents\ANN_Final_03\data\genres\rock,rock
913,rock.00013.wav,C:\Users\SvenG\Documents\ANN_Final_03\data\genres\rock,rock
914,rock.00014.wav,C:\Users\SvenG\Documents\ANN_Final_03\data\genres\rock,rock
915,rock.00015.wav,C:\Users\SvenG\Documents\ANN_Final_03\data\genres\rock,rock
916,rock.00016.wav,C:\Users\SvenG\Documents\ANN_Final_03\data\genres\rock,rock
917,rock.00017.wav,C:\Users\SvenG\Documents\ANN_Final_03\data\genres\rock,rock
918,rock.00018.wav,C:\Users\SvenG\Documents\ANN_Final_03\data\genres\rock,rock
919,rock.00019.wav,C:\Users\SvenG\Documents\ANN_Final_03\data\genres\rock,rock
920,rock.00020.wav,C:\Users\SvenG\Documents\ANN_Final_03\data\genres\rock,rock
921,rock.00021.wav,C:\Users\SvenG\Documents\ANN_Final_03\data\genres\rock,rock
922,rock.00022.wav,C:\Users\SvenG\Documents\ANN_Final_03\data\genres\rock,rock
923,rock.00023.wav,C:\Users\SvenG\Documents\ANN_Final_03\data\genres\rock,rock
924,rock.00024.wav,C:\Users\SvenG\Documents\ANN_Final_03\data\genres\rock,rock
925,rock.00025.wav,C:\Users\SvenG\Documents\ANN_Final_03\data\genres\rock,rock
926,rock.00026.wav,C:\Users\SvenG\Documents\ANN_Final_03\data\genres\rock,rock
927,rock.00027.wav,C:\Users\SvenG\Documents\ANN_Final_03\data\genres\rock,rock
928,rock.00028.wav,C:\Users\SvenG\Documents\ANN_Final_03\data\genres\rock,rock
929,rock.00029.wav,C:\Users\SvenG\Documents\ANN_Final_03\data\genres\rock,rock
930,rock.00030.wav,C:\Users\SvenG\Documents\ANN_Final_03\data\genres\rock,rock
931,rock.00031.wav,C:\Users\SvenG\Documents\ANN_Final_03\data\genres\rock,rock
932,rock.00032.wav,C:\Users\SvenG\Documents\ANN_Final_03\data\genres\rock,rock
933,rock.00033.wav,C:\Users\SvenG\Documents\ANN_Final_03\data\genres\rock,rock
934,rock.00034.wav,C:\Users\SvenG\Documents\ANN_Final_03\data\genres\rock,rock
935,rock.00035.wav,C:\Users\SvenG\Documents\ANN_Final_03\data\genres\rock,rock
936,rock.00036.wav,C:\Users\SvenG\Documents\ANN_Final_03\data\genres\rock,rock
937,rock.00037.wav,C:\Users\SvenG\Documents\ANN_Final_03\data\genres\rock,rock
938,rock.00038.wav,C:\Users\SvenG\Documents\ANN_Final_03\data\genres\rock,rock
939,rock.00039.wav,C:\Users\SvenG\Documents\ANN_Final_03\data\genres\rock,rock
940,rock.00040.wav,C:\Users\SvenG\Documents\ANN_Final_03\data\genres\rock,rock
941,rock.00041.wav,C:\Users\SvenG\Documents\ANN_Final_03\data\genres\rock,rock
942,rock.00042.wav,C:\Users\SvenG\Documents\ANN_Final_03\data\genres\rock,rock
943,rock.00043.wav,C:\Users\SvenG\Documents\ANN_Final_03\data\genres\rock,rock
944,rock.00044.wav,C:\Users\SvenG\Documents\ANN_Final_03\data\genres\rock,rock
945,rock.00045.wav,C:\Users\SvenG\Documents\ANN_Final_03\data\genres\rock,rock
946,rock.00046.wav,C:\Users\SvenG\Documents\ANN_Final_03\data\genres\rock,rock
947,rock.00047.wav,C:\Users\SvenG\Documents\ANN_Final_03\data\genres\rock,rock
948,rock.00048.wav,C:\Users\SvenG\Documents\ANN_Final_03\data\genres\rock,rock
949,rock.00049.wav,C:\Users\SvenG\Documents\ANN_Final_03\data\genres\rock,rock
950,rock.00050.wav,C:\Users\SvenG\Documents\ANN_Final_03\data\genres\rock,rock
951,rock.00051.wav,C:\Users\SvenG\Documents\ANN_Final_03\data\genres\rock,rock
952,rock.00052.wav,C:\Users\SvenG\Documents\ANN_Final_03\data\genres\rock,rock
953,rock.00053.wav,C:\Users\SvenG\Documents\ANN_Final_03\data\genres\rock,rock
954,rock.00054.wav,C:\Users\SvenG\Documents\ANN_Final_03\data\genres\rock,rock
955,rock.00055.wav,C:\Users\SvenG\Documents\ANN_Final_03\data\genres\rock,rock
956,rock.00056.wav,C:\Users\SvenG\Documents\ANN_Final_03\data\genres\rock,rock
957,rock.00057.wav,C:\Users\SvenG\Documents\ANN_Final_03\data\genres\rock,rock
958,rock.00058.wav,C:\Users\SvenG\Documents\ANN_Final_03\data\genres\rock,rock
959,rock.00059.wav,C:\Users\SvenG\Documents\ANN_Final_03\data\genres\rock,rock
960,rock.00060.wav,C:\Users\SvenG\Documents\ANN_Final_03\data\genres\rock,rock
961,rock.00061.wav,C:\Users\SvenG\Documents\ANN_Final_03\data\genres\rock,rock
962,rock.00062.wav,C:\Users\SvenG\Documents\ANN_Final_03\data\genres\rock,rock
963,rock.00063.wav,C:\Users\SvenG\Documents\ANN_Final_03\data\genres\rock,rock
964,rock.00064.wav,C:\Users\SvenG\Documents\ANN_Final_03\data\genres\rock,rock
965,rock.00065.wav,C:\Users\SvenG\Documents\ANN_Final_03\data\genres\rock,rock
966,rock.00066.wav,C:\Users\SvenG\Documents\ANN_Final_03\data\genres\rock,rock
967,rock.00067.wav,C:\Users\SvenG\Documents\ANN_Final_03\data\genres\rock,rock
968,rock.00068.wav,C:\Users\SvenG\Documents\ANN_Final_03\data\genres\rock,rock
969,rock.00069.wav,C:\Users\SvenG\Documents\ANN_Final_03\data\genres\rock,rock
970,rock.00070.wav,C:\Users\SvenG\Documents\ANN_Final_03\data\genres\rock,rock
971,rock.00071.wav,C:\Users\SvenG\Documents\ANN_Final_03\data\genres\rock,rock
972,rock.00072.wav,C:\Users\SvenG\Documents\ANN_Final_03\data\genres\rock,rock
973,rock.00073.wav,C:\Users\SvenG\Documents\ANN_Final_03\data\genres\rock,rock
974,rock.00074.wav,C:\Users\SvenG\Documents\ANN_Final_03\data\genres\rock,rock
975,rock.00075.wav,C:\Users\SvenG\Documents\ANN_Final_03\data\genres\rock,rock
976,rock.00076.wav,C:\Users\SvenG\Documents\ANN_Final_03\data\genres\rock,rock
977,rock.00077.wav,C:\Users\SvenG\Documents\ANN_Final_03\data\genres\rock,rock
978,rock.00078.wav,C:\Users\SvenG\Documents\ANN_Final_03\data\genres\rock,rock
979,rock.00079.wav,C:\Users\SvenG\Documents\ANN_Final_03\data\genres\rock,rock
980,rock.00080.wav,C:\Users\SvenG\Documents\ANN_Final_03\data\genres\rock,rock
981,rock.00081.wav,C:\Users\SvenG\Documents\ANN_Final_03\data\genres\rock,rock
982,rock.00082.wav,C:\Users\SvenG\Documents\ANN_Final_03\data\genres\rock,rock
983,rock.00083.wav,C:\Users\SvenG\Documents\ANN_Final_03\data\genres\rock,rock
984,rock.00084.wav,C:\Users\SvenG\Documents\ANN_Final_03\data\genres\rock,rock
985,rock.00085.wav,C:\Users\SvenG\Documents\ANN_Final_03\data\genres\rock,rock
986,rock.00086.wav,C:\Users\SvenG\Documents\ANN_Final_03\data\genres\rock,rock
987,rock.00087.wav,C:\Users\SvenG\Documents\ANN_Final_03\data\genres\rock,rock
988,rock.00088.wav,C:\Users\SvenG\Documents\ANN_Final_03\data\genres\rock,rock
989,rock.00089.wav,C:\Users\SvenG\Documents\ANN_Final_03\data\genres\rock,rock
990,rock.00090.wav,C:\Users\SvenG\Documents\ANN_Final_03\data\genres\rock,rock
991,rock.00091.wav,C:\Users\SvenG\Documents\ANN_Final_03\data\genres\rock,rock
992,rock.00092.wav,C:\Users\SvenG\Documents\ANN_Final_03\data\genres\rock,rock
993,rock.00093.wav,C:\Users\SvenG\Documents\ANN_Final_03\data\genres\rock,rock
994,rock.00094.wav,C:\Users\SvenG\Documents\ANN_Final_03\data\genres\rock,rock
995,rock.00095.wav,C:\Users\SvenG\Documents\ANN_Final_03\data\genres\rock,rock
996,rock.00096.wav,C:\Users\SvenG\Documents\ANN_Final_03\data\genres\rock,rock
997,rock.00097.wav,C:\Users\SvenG\Documents\ANN_Final_03\data\genres\rock,rock
998,rock.00098.wav,C:\Users\SvenG\Documents\ANN_Final_03\data\genres\rock,rock
999,rock.00099.wav,C:\Users\SvenG\Documents\ANN_Final_03\data\genres\rock,rock
